Entity ID,Acquisition Start Date,Acquisition End Date,Tile Number,Cloud Cover,Agency,Platform,Vendor,Vendor Tile ID,Orbit Number,Orbit Direction,Vendor Software Version,Production Date,Vendor Product ID,Archiving Center,Datatake Type,Datatake Identifier,Data Type,Product Type,Product Format,Processing Level,Datastrip ID,Datum,Map Projection,UTM Zone,EPSG Code,Resolution,Units,Sun Zenith Angle Mean,Sun Azimuth Angle  Mean,Quantification,Image_Referencing,Center Latitude,Center Longitude,NW Corner Lat,NW Corner Long,NE  Corner Lat,NE  Corner Long,SE Corner Lat,SE Corner Long,SW Corner Lat,SW Corner Long,Center Latitude dec,Center Longitude dec,NW  Corner Lat dec,NW Corner Long dec,NE Corner Lat dec,NE Corner Long dec,SE Corner Lat dec,SE Corner Long dec,SW Corner Lat dec,SW Corner Long dec,Display ID
L1C_T50QPL_A034120_20220103T024719,2022-01-03T02:47:19.848Z,2022-01-03T02:54:54.427Z,T50QPL,6.94110,ESA,SENTINEL-2A,VGS1,L1C_T50QPL_A034120_20220103T024719,89,Descending Orbit,03.01,2022-01-03T04:29:50.000000Z,S2A_MSIL1C_20220103T024121_N0301_R089_T50QPL_20220103T042950,VGS1,INS-NOBS,GS2A_20220103T024121_034120_N03.01,UINT16,S2MSI1C,JPEG2000,LEVEL-1C,S2A_OPER_MSI_L1C_DS_VGS1_20220103T042950_S20220103T024719_N03.01,WGS84,UTM,50N,32650,10  20  60,METER,49.6830376924062,155.9573060860330,10000,Y,23°00'26.72"N,118°30'41.23"E,23°30'26.91"N,117°58'46.03"E,23°29'49.22"N,119°03'16.18"E,22°30'20.77"N,119°02'22.35"E,22°30'56.70"N,117°58'20.35"E,23.0074215,118.511452,23.5074763,117.9794527,23.4970055,119.0544957,22.5057693,119.0395409,22.51575,117.9723185,L1C_T50QPL_A034120_20220103T024719,16106400
L1C_T50QQL_A034120_20220103T024719,2022-01-03T02:47:19.848Z,2022-01-03T02:54:54.427Z,T50QQL,2.32870,ESA,SENTINEL-2A,VGS1,L1C_T50QQL_A034120_20220103T024719,89,Descending Orbit,03.01,2022-01-03T04:29:50.000000Z,S2A_MSIL1C_20220103T024121_N0301_R089_T50QQL_20220103T042950,VGS1,INS-NOBS,GS2A_20220103T024121_034120_N03.01,UINT16,S2MSI1C,JPEG2000,LEVEL-1C,S2A_OPER_MSI_L1C_DS_VGS1_20220103T042950_S20220103T024719_N03.01,WGS84,UTM,50N,32650,10  20  60,METER,49.3177217928231,157.0249967986740,10000,Y,22°59'42.41"N,119°29'10.51"E,23°29'53.69"N,118°57'29.45"E,23°28'51.72"N,120°01'56.91"E,22°29'25.96"N,120°00'37.53"E,22°30'25.03"N,118°56'38.13"E,22.9951143,119.4862518,23.4982462,118.9581809,23.4810344,120.0324758,22.4905457,120.0104242,22.5069519,118.943926,L1C_T50QQL_A034120_20220103T024719,16106474
L1C_T50QPK_A034120_20220103T024719,2022-01-03T02:47:19.848Z,2022-01-03T02:54:54.427Z,T50QPK,13.69410,ESA,SENTINEL-2A,VGS1,L1C_T50QPK_A034120_20220103T024719,89,Descending Orbit,03.01,2022-01-03T04:29:50.000000Z,S2A_MSIL1C_20220103T024121_N0301_R089_T50QPK_20220103T042950,VGS1,INS-NOBS,GS2A_20220103T024121_034120_N03.01,UINT16,S2MSI1C,JPEG2000,LEVEL-1C,S2A_OPER_MSI_L1C_DS_VGS1_20220103T042950_S20220103T024719_N03.01,WGS84,UTM,50N,32650,10  20  60,METER,48.8395589801177,155.6955837702570,10000,Y,22°06'14.97"N,118°30'05.91"E,22°36'14.72"N,117°58'22.58"E,22°35'38.63"N,119°02'27.02"E,21°36'09.76"N,119°01'35.86"E,21°36'44.10"N,117°57'58.17"E,22.1041598,118.5016409,22.6040892,117.972938,22.5940651,119.0408395,21.6027096,119.0266278,21.6122496,117.9661585,L1C_T50QPK_A034120_20220103T024719,16106950
L1C_T50QQK_A034120_20220103T024719,2022-01-03T02:47:19.848Z,2022-01-03T02:54:54.427Z,T50QQK,1.89960,ESA,SENTINEL-2A,VGS1,L1C_T50QQK_A034120_20220103T024719,89,Descending Orbit,03.01,2022-01-03T04:29:50.000000Z,S2A_MSIL1C_20220103T024121_N0301_R089_T50QQK_20220103T042950,VGS1,INS-NOBS,GS2A_20220103T024121_034120_N03.01,UINT16,S2MSI1C,JPEG2000,LEVEL-1C,S2A_OPER_MSI_L1C_DS_VGS1_20220103T042950_S20220103T024719_N03.01,WGS84,UTM,50N,32650,10  20  60,METER,48.4710993097837,156.7663864837120,10000,Y,22°05'32.59"N,119°28'12.45"E,22°35'42.91"N,118°56'42.59"E,22°34'43.59"N,120°00'44.42"E,21°35'17.37"N,119°59'28.98"E,21°36'13.82"N,118°55'53.82"E,22.0923866,119.4701258,22.5952529,118.9451638,22.5787754,120.0123391,21.5881579,119.991383,21.60384,118.9316174,L1C_T50QQK_A034120_20220103T024719,16107297
L1C_T50QQK_A034220_20220110T023721,2022-01-10T02:37:21.492Z,2022-01-10T02:44:30.817Z,T50QQK,7.67710,ESA,SENTINEL-2A,VGS1,L1C_T50QQK_A034220_20220110T023721,46,Descending Orbit,03.01,2022-01-10T04:18:37.000000Z,S2A_MSIL1C_20220110T023101_N0301_R046_T50QQK_20220110T041837,VGS1,INS-NOBS,GS2A_20220110T023101_034220_N03.01,UINT16,S2MSI1C,JPEG2000,LEVEL-1C,S2A_OPER_MSI_L1C_DS_VGS1_20220110T041837_S20220110T023721_N03.01,WGS84,UTM,50N,32650,10  20  60,METER,48.9831185194980,152.6609026142870,10000,Y,22°05'32.59"N,119°28'12.45"E,22°35'42.91"N,118°56'42.59"E,22°34'43.59"N,120°00'44.42"E,21°35'17.37"N,119°59'28.98"E,21°36'13.82"N,118°55'53.82"E,22.0923866,119.4701258,22.5952529,118.9451638,22.5787754,120.0123391,21.5881579,119.991383,21.60384,118.9316174,L1C_T50QQK_A034220_20220110T023721,16178293
L1C_T50QQL_A034220_20220110T023721,2022-01-10T02:37:21.492Z,2022-01-10T02:44:30.817Z,T50QQL,25.01800,ESA,SENTINEL-2A,VGS1,L1C_T50QQL_A034220_20220110T023721,46,Descending Orbit,03.01,2022-01-10T04:18:37.000000Z,S2A_MSIL1C_20220110T023101_N0301_R046_T50QQL_20220110T041837,VGS1,INS-NOBS,GS2A_20220110T023101_034220_N03.01,UINT16,S2MSI1C,JPEG2000,LEVEL-1C,S2A_OPER_MSI_L1C_DS_VGS1_20220110T041837_S20220110T023721_N03.01,WGS84,UTM,50N,32650,10  20  60,METER,49.8052217887094,152.9653714318510,10000,Y,22°59'42.41"N,119°29'10.51"E,23°29'53.69"N,118°57'29.45"E,23°28'51.72"N,120°01'56.91"E,22°29'25.96"N,120°00'37.53"E,22°30'25.03"N,118°56'38.13"E,22.9951143,119.4862518,23.4982462,118.9581809,23.4810344,120.0324758,22.4905457,120.0104242,22.5069519,118.943926,L1C_T50QQL_A034220_20220110T023721,16178408
L1C_T50QPL_A034263_20220113T024807,2022-01-13T02:48:07.998Z,2022-01-13T02:54:05.167Z,T50QPL,11.01450,ESA,SENTINEL-2A,VGS2,L1C_T50QPL_A034263_20220113T024807,89,Descending Orbit,03.01,2022-01-13T04:28:09.000000Z,S2A_MSIL1C_20220113T024051_N0301_R089_T50QPL_20220113T042809,VGS2,INS-NOBS,GS2A_20220113T024051_034263_N03.01,UINT16,S2MSI1C,JPEG2000,LEVEL-1C,S2A_OPER_MSI_L1C_DS_VGS2_20220113T042809_S20220113T024807_N03.01,WGS84,UTM,50N,32650,10  20  60,METER,48.8828252417963,154.0417915198580,10000,Y,23°00'26.72"N,118°30'41.23"E,23°30'26.91"N,117°58'46.03"E,23°29'49.22"N,119°03'16.18"E,22°30'20.77"N,119°02'22.35"E,22°30'56.70"N,117°58'20.35"E,23.0074215,118.511452,23.5074763,117.9794527,23.4970055,119.0544957,22.5057693,119.0395409,22.51575,117.9723185,L1C_T50QPL_A034263_20220113T024807,16211278
L1C_T50QQK_A025383_20220115T023035,2022-01-15T02:30:35.461Z,2022-01-15T02:43:23.917Z,T50QQK,0.02090,ESA,SENTINEL-2B,VGS4,L1C_T50QQK_A025383_20220115T023035,46,Descending Orbit,03.01,2022-01-15T03:54:24.000000Z,S2B_MSIL1C_20220115T023039_N0301_R046_T50QQK_20220115T035424,VGS4,INS-NOBS,GS2B_20220115T023039_025383_N03.01,UINT16,S2MSI1C,JPEG2000,LEVEL-1C,S2B_OPER_MSI_L1C_DS_VGS4_20220115T035424_S20220115T023035_N03.01,WGS84,UTM,50N,32650,10  20  60,METER,48.4654975915674,151.6010361963880,10000,Y,22°05'32.59"N,119°28'12.45"E,22°35'42.91"N,118°56'42.59"E,22°34'43.59"N,120°00'44.42"E,21°35'17.37"N,119°59'28.98"E,21°36'13.82"N,118°55'53.82"E,22.0923866,119.4701258,22.5952529,118.9451638,22.5787754,120.0123391,21.5881579,119.991383,21.60384,118.9316174,L1C_T50QQK_A025383_20220115T023035,16232995
L1C_T50QQL_A025383_20220115T023035,2022-01-15T02:30:35.461Z,2022-01-15T02:43:23.917Z,T50QQL,2.64220,ESA,SENTINEL-2B,VGS4,L1C_T50QQL_A025383_20220115T023035,46,Descending Orbit,03.01,2022-01-15T03:54:24.000000Z,S2B_MSIL1C_20220115T023039_N0301_R046_T50QQL_20220115T035424,VGS4,INS-NOBS,GS2B_20220115T023039_025383_N03.01,UINT16,S2MSI1C,JPEG2000,LEVEL-1C,S2B_OPER_MSI_L1C_DS_VGS4_20220115T035424_S20220115T023035_N03.01,WGS84,UTM,50N,32650,10  20  60,METER,49.2805892086364,151.9245820863650,10000,Y,22°59'42.41"N,119°29'10.51"E,23°29'53.69"N,118°57'29.45"E,23°28'51.72"N,120°01'56.91"E,22°29'25.96"N,120°00'37.53"E,22°30'25.03"N,118°56'38.13"E,22.9951143,119.4862518,23.4982462,118.9581809,23.4810344,120.0324758,22.4905457,120.0104242,22.5069519,118.943926,L1C_T50QQL_A025383_20220115T023035,16233436
L1C_T50QQK_A034363_20220120T023021,2022-01-20T02:30:21.460Z,2022-01-20T02:42:51.877Z,T50QQK,28.59590,ESA,SENTINEL-2A,VGS4,L1C_T50QQK_A034363_20220120T023021,46,Descending Orbit,03.01,2022-01-20T03:36:38.000000Z,S2A_MSIL1C_20220120T023021_N0301_R046_T50QQK_20220120T033638,VGS4,INS-NOBS,GS2A_20220120T023021_034363_N03.01,UINT16,S2MSI1C,JPEG2000,LEVEL-1C,S2A_OPER_MSI_L1C_DS_VGS4_20220120T033638_S20220120T023021_N03.01,WGS84,UTM,50N,32650,10  20  60,METER,47.7637422790589,150.5314690812020,10000,Y,22°05'32.59"N,119°28'12.45"E,22°35'42.91"N,118°56'42.59"E,22°34'43.59"N,120°00'44.42"E,21°35'17.37"N,119°59'28.98"E,21°36'13.82"N,118°55'53.82"E,22.0923866,119.4701258,22.5952529,118.9451638,22.5787754,120.0123391,21.5881579,119.991383,21.60384,118.9316174,L1C_T50QQK_A034363_20220120T023021,16287507
L1C_T50QQL_A034363_20220120T023021,2022-01-20T02:30:21.460Z,2022-01-20T02:42:51.877Z,T50QQL,21.59750,ESA,SENTINEL-2A,VGS4,L1C_T50QQL_A034363_20220120T023021,46,Descending Orbit,03.01,2022-01-20T03:36:38.000000Z,S2A_MSIL1C_20220120T023021_N0301_R046_T50QQL_20220120T033638,VGS4,INS-NOBS,GS2A_20220120T023021_034363_N03.01,UINT16,S2MSI1C,JPEG2000,LEVEL-1C,S2A_OPER_MSI_L1C_DS_VGS4_20220120T033638_S20220120T023021_N03.01,WGS84,UTM,50N,32650,10  20  60,METER,48.5714873671387,150.8770070385490,10000,Y,22°59'42.41"N,119°29'10.51"E,23°29'53.69"N,118°57'29.45"E,23°28'51.72"N,120°01'56.91"E,22°29'25.96"N,120°00'37.53"E,22°30'25.03"N,118°56'38.13"E,22.9951143,119.4862518,23.4982462,118.9581809,23.4810344,120.0324758,22.4905457,120.0104242,22.5069519,118.943926,L1C_T50QQL_A034363_20220120T023021,16288047
L1C_T50QPK_A034406_20220123T024013,2022-01-23T02:40:13.455Z,2022-01-23T02:52:47.480Z,T50QPK,15.00410,ESA,SENTINEL-2A,VGS4,L1C_T50QPK_A034406_20220123T024013,89,Descending Orbit,03.01,2022-01-23T03:45:23.000000Z,S2A_MSIL1C_20220123T024011_N0301_R089_T50QPK_20220123T034523,VGS4,INS-NOBS,GS2A_20220123T024011_034406_N03.01,UINT16,S2MSI1C,JPEG2000,LEVEL-1C,S2A_OPER_MSI_L1C_DS_VGS4_20220123T034523_S20220123T024013_N03.01,WGS84,UTM,50N,32650,10  20  60,METER,46.5861350751693,151.5897116595210,10000,Y,22°06'14.97"N,118°30'05.91"E,22°36'14.72"N,117°58'22.58"E,22°35'38.63"N,119°02'27.02"E,21°36'09.76"N,119°01'35.86"E,21°36'44.10"N,117°57'58.17"E,22.1041598,118.5016409,22.6040892,117.972938,22.5940651,119.0408395,21.6027096,119.0266278,21.6122496,117.9661585,L1C_T50QPK_A034406_20220123T024013,16324063
L1C_T50QQK_A034406_20220123T024013,2022-01-23T02:40:13.455Z,2022-01-23T02:52:47.480Z,T50QQK,5.62020,ESA,SENTINEL-2A,VGS4,L1C_T50QQK_A034406_20220123T024013,89,Descending Orbit,03.01,2022-01-23T03:45:23.000000Z,S2A_MSIL1C_20220123T024011_N0301_R089_T50QQK_20220123T034523,VGS4,INS-NOBS,GS2A_20220123T024011_034406_N03.01,UINT16,S2MSI1C,JPEG2000,LEVEL-1C,S2A_OPER_MSI_L1C_DS_VGS4_20220123T034523_S20220123T024013_N03.01,WGS84,UTM,50N,32650,10  20  60,METER,46.1610292487681,152.6926742818960,10000,Y,22°05'32.59"N,119°28'12.45"E,22°35'42.91"N,118°56'42.59"E,22°34'43.59"N,120°00'44.42"E,21°35'17.37"N,119°59'28.98"E,21°36'13.82"N,118°55'53.82"E,22.0923866,119.4701258,22.5952529,118.9451638,22.5787754,120.0123391,21.5881579,119.991383,21.60384,118.9316174,L1C_T50QQK_A034406_20220123T024013,16324211
L1C_T50QQK_A034649_20220209T023646,2022-02-09T02:36:46.510Z,2022-02-09T02:50:11.044Z,T50QQK,20.73364,ESA,SENTINEL-2A,VGS4,L1C_T50QQK_A034649_20220209T023646,46,Descending Orbit,04.00,2022-02-09T04:56:11.000000Z,S2A_MSIL1C_20220209T022841_N0400_R046_T50QQK_20220209T045611,VGS4,INS-NOBS,GS2A_20220209T022841_034649_N04.00,UINT16,S2MSI1C,JPEG2000,LEVEL-1C,S2A_OPER_MSI_L1C_DS_VGS4_20220209T045611_S20220209T023646_N04.00,WGS84,UTM,50N,32650,10  20  60,METER,43.4992810510351,145.6853258447360,10000,Y,22°05'32.59"N,119°28'12.45"E,22°35'42.91"N,118°56'42.59"E,22°34'43.59"N,120°00'44.42"E,21°35'17.37"N,119°59'28.98"E,21°36'13.82"N,118°55'53.82"E,22.0923866,119.4701258,22.5952529,118.9451638,22.5787754,120.0123391,21.5881579,119.991383,21.60384,118.9316174,L1C_T50QQK_A034649_20220209T023646,16518585
L1C_T50QQK_A034692_20220212T024656,2022-02-12T02:46:56.766Z,2022-02-12T02:52:53.936Z,T50QQK,26.29425,ESA,SENTINEL-2A,VGS2,L1C_T50QQK_A034692_20220212T024656,89,Descending Orbit,04.00,2022-02-12T04:30:03.000000Z,S2A_MSIL1C_20220212T023821_N0400_R089_T50QQK_20220212T043003,VGS2,INS-NOBS,GS2A_20220212T023821_034692_N04.00,UINT16,S2MSI1C,JPEG2000,LEVEL-1C,S2A_OPER_MSI_L1C_DS_VGS2_20220212T043003_S20220212T024656_N04.00,WGS84,UTM,50N,32650,10  20  60,METER,41.4037892665381,147.9624540362230,10000,Y,22°05'32.59"N,119°28'12.45"E,22°35'42.91"N,118°56'42.59"E,22°34'43.59"N,120°00'44.42"E,21°35'17.37"N,119°59'28.98"E,21°36'13.82"N,118°55'53.82"E,22.0923866,119.4701258,22.5952529,118.9451638,22.5787754,120.0123391,21.5881579,119.991383,21.60384,118.9316174,L1C_T50QQK_A034692_20220212T024656,16551523
L1C_T50QPL_A025998_20220227T024821,2022-02-27T02:48:21.368Z,2022-02-27T02:55:55.947Z,T50QPL,9.61426,ESA,SENTINEL-2B,VGS1,L1C_T50QPL_A025998_20220227T024821,89,Descending Orbit,04.00,2022-02-27T04:28:23.000000Z,S2B_MSIL1C_20220227T023639_N0400_R089_T50QPL_20220227T042823,VGS1,INS-NOBS,GS2B_20220227T023639_025998_N04.00,UINT16,S2MSI1C,JPEG2000,LEVEL-1C,S2B_OPER_MSI_L1C_DS_VGS1_20220227T042823_S20220227T024821_N04.00,WGS84,UTM,50N,32650,10  20  60,METER,37.9755063978785,143.2790049577890,10000,Y,23°00'26.72"N,118°30'41.23"E,23°30'26.91"N,117°58'46.03"E,23°29'49.22"N,119°03'16.18"E,22°30'20.77"N,119°02'22.35"E,22°30'56.70"N,117°58'20.35"E,23.0074215,118.511452,23.5074763,117.9794527,23.4970055,119.0544957,22.5057693,119.0395409,22.51575,117.9723185,L1C_T50QPL_A025998_20220227T024821,16734083
L1C_T50QQK_A025998_20220227T024821,2022-02-27T02:48:21.368Z,2022-02-27T02:55:55.947Z,T50QQK,0.04908,ESA,SENTINEL-2B,VGS1,L1C_T50QQK_A025998_20220227T024821,89,Descending Orbit,04.00,2022-02-27T04:28:23.000000Z,S2B_MSIL1C_20220227T023639_N0400_R089_T50QQK_20220227T042823,VGS1,INS-NOBS,GS2B_20220227T023639_025998_N04.00,UINT16,S2MSI1C,JPEG2000,LEVEL-1C,S2B_OPER_MSI_L1C_DS_VGS1_20220227T042823_S20220227T024821_N04.00,WGS84,UTM,50N,32650,10  20  60,METER,36.6859675443396,143.9378087852230,10000,Y,22°05'32.59"N,119°28'12.45"E,22°35'42.91"N,118°56'42.59"E,22°34'43.59"N,120°00'44.42"E,21°35'17.37"N,119°59'28.98"E,21°36'13.82"N,118°55'53.82"E,22.0923866,119.4701258,22.5952529,118.9451638,22.5787754,120.0123391,21.5881579,119.991383,21.60384,118.9316174,L1C_T50QQK_A025998_20220227T024821,16734365
L1C_T50QQL_A025998_20220227T024821,2022-02-27T02:48:21.368Z,2022-02-27T02:55:55.947Z,T50QQL,7.88184,ESA,SENTINEL-2B,VGS1,L1C_T50QQL_A025998_20220227T024821,89,Descending Orbit,04.00,2022-02-27T04:28:23.000000Z,S2B_MSIL1C_20220227T023639_N0400_R089_T50QQL_20220227T042823,VGS1,INS-NOBS,GS2B_20220227T023639_025998_N04.00,UINT16,S2MSI1C,JPEG2000,LEVEL-1C,S2B_OPER_MSI_L1C_DS_VGS1_20220227T042823_S20220227T024821_N04.00,WGS84,UTM,50N,32650,10  20  60,METER,37.4429786455622,144.5742605653340,10000,Y,22°59'42.41"N,119°29'10.51"E,23°29'53.69"N,118°57'29.45"E,23°28'51.72"N,120°01'56.91"E,22°29'25.96"N,120°00'37.53"E,22°30'25.03"N,118°56'38.13"E,22.9951143,119.4862518,23.4982462,118.9581809,23.4810344,120.0324758,22.4905457,120.0104242,22.5069519,118.943926,L1C_T50QQL_A025998_20220227T024821,16734371
L1C_T50QPK_A025998_20220227T024821,2022-02-27T02:48:21.368Z,2022-02-27T02:55:55.947Z,T50QPK,0.00672,ESA,SENTINEL-2B,VGS1,L1C_T50QPK_A025998_20220227T024821,89,Descending Orbit,04.00,2022-02-27T04:28:23.000000Z,S2B_MSIL1C_20220227T023639_N0400_R089_T50QPK_20220227T042823,VGS1,INS-NOBS,GS2B_20220227T023639_025998_N04.00,UINT16,S2MSI1C,JPEG2000,LEVEL-1C,S2B_OPER_MSI_L1C_DS_VGS1_20220227T042823_S20220227T024821_N04.00,WGS84,UTM,50N,32650,10  20  60,METER,37.2258824554232,142.6411838729180,10000,Y,22°06'14.97"N,118°30'05.91"E,22°36'14.72"N,117°58'22.58"E,22°35'38.63"N,119°02'27.02"E,21°36'09.76"N,119°01'35.86"E,21°36'44.10"N,117°57'58.17"E,22.1041598,118.5016409,22.6040892,117.972938,22.5940651,119.0408395,21.6027096,119.0266278,21.6122496,117.9661585,L1C_T50QPK_A025998_20220227T024821,16735457
L1C_T50QQL_A034935_20220301T023903,2022-03-01T02:39:03.479Z,2022-03-01T02:50:28.956Z,T50QQL,1.24528,ESA,SENTINEL-2A,VGS4,L1C_T50QQL_A034935_20220301T023903,46,Descending Orbit,04.00,2022-03-01T05:18:53.000000Z,S2A_MSIL1C_20220301T022631_N0400_R046_T50QQL_20220301T051853,VGS4,INS-NOBS,GS2A_20220301T022631_034935_N04.00,UINT16,S2MSI1C,JPEG2000,LEVEL-1C,S2A_OPER_MSI_L1C_DS_VGS4_20220301T051853_S20220301T023903_N04.00,WGS84,UTM,50N,32650,10  20  60,METER,38.1434063960897,140.7207428805460,10000,Y,22°59'42.41"N,119°29'10.51"E,23°29'53.69"N,118°57'29.45"E,23°28'51.72"N,120°01'56.91"E,22°29'25.96"N,120°00'37.53"E,22°30'25.03"N,118°56'38.13"E,22.9951143,119.4862518,23.4982462,118.9581809,23.4810344,120.0324758,22.4905457,120.0104242,22.5069519,118.943926,L1C_T50QQL_A034935_20220301T023903,16759372
L1C_T50QQK_A034935_20220301T023903,2022-03-01T02:39:03.479Z,2022-03-01T02:50:28.956Z,T50QQK,5.85348,ESA,SENTINEL-2A,VGS4,L1C_T50QQK_A034935_20220301T023903,46,Descending Orbit,04.00,2022-03-01T05:18:53.000000Z,S2A_MSIL1C_20220301T022631_N0400_R046_T50QQK_20220301T051853,VGS4,INS-NOBS,GS2A_20220301T022631_034935_N04.00,UINT16,S2MSI1C,JPEG2000,LEVEL-1C,S2A_OPER_MSI_L1C_DS_VGS4_20220301T051853_S20220301T023903_N04.00,WGS84,UTM,50N,32650,10  20  60,METER,37.4213375121759,140.0368315029770,10000,Y,22°05'32.59"N,119°28'12.45"E,22°35'42.91"N,118°56'42.59"E,22°34'43.59"N,120°00'44.42"E,21°35'17.37"N,119°59'28.98"E,21°36'13.82"N,118°55'53.82"E,22.0923866,119.4701258,22.5952529,118.9451638,22.5787754,120.0123391,21.5881579,119.991383,21.60384,118.9316174,L1C_T50QQK_A034935_20220301T023903,16759442
L1C_T50QPK_A034978_20220304T024800,2022-03-04T02:48:00.586Z,2022-03-04T02:53:57.755Z,T50QPK,22.64884,ESA,SENTINEL-2A,VGS2,L1C_T50QPK_A034978_20220304T024800,89,Descending Orbit,04.00,2022-03-04T04:28:45.000000Z,S2A_MSIL1C_20220304T023611_N0400_R089_T50QPK_20220304T042845,VGS2,INS-NOBS,GS2A_20220304T023611_034978_N04.00,UINT16,S2MSI1C,JPEG2000,LEVEL-1C,S2A_OPER_MSI_L1C_DS_VGS2_20220304T042845_S20220304T024800_N04.00,WGS84,UTM,50N,32650,10  20  60,METER,35.5133917191973,141.1651407837280,10000,Y,22°06'14.97"N,118°30'05.91"E,22°36'14.72"N,117°58'22.58"E,22°35'38.63"N,119°02'27.02"E,21°36'09.76"N,119°01'35.86"E,21°36'44.10"N,117°57'58.17"E,22.1041598,118.5016409,22.6040892,117.972938,22.5940651,119.0408395,21.6027096,119.0266278,21.6122496,117.9661585,L1C_T50QPK_A034978_20220304T024800,16794324
L1C_T50QPL_A034978_20220304T024800,2022-03-04T02:48:00.586Z,2022-03-04T02:53:57.755Z,T50QPL,1.43077,ESA,SENTINEL-2A,VGS2,L1C_T50QPL_A034978_20220304T024800,89,Descending Orbit,04.00,2022-03-04T04:28:45.000000Z,S2A_MSIL1C_20220304T023611_N0400_R089_T50QPL_20220304T042845,VGS2,INS-NOBS,GS2A_20220304T023611_034978_N04.00,UINT16,S2MSI1C,JPEG2000,LEVEL-1C,S2A_OPER_MSI_L1C_DS_VGS2_20220304T042845_S20220304T024800_N04.00,WGS84,UTM,50N,32650,10  20  60,METER,36.2500299082332,141.8713228004470,10000,Y,23°00'26.72"N,118°30'41.23"E,23°30'26.91"N,117°58'46.03"E,23°29'49.22"N,119°03'16.18"E,22°30'20.77"N,119°02'22.35"E,22°30'56.70"N,117°58'20.35"E,23.0074215,118.511452,23.5074763,117.9794527,23.4970055,119.0544957,22.5057693,119.0395409,22.51575,117.9723185,L1C_T50QPL_A034978_20220304T024800,16794548
L1C_T50QQL_A034978_20220304T024800,2022-03-04T02:48:00.586Z,2022-03-04T02:53:57.755Z,T50QQL,0.10977,ESA,SENTINEL-2A,VGS2,L1C_T50QQL_A034978_20220304T024800,89,Descending Orbit,04.00,2022-03-04T04:28:45.000000Z,S2A_MSIL1C_20220304T023611_N0400_R089_T50QQL_20220304T042845,VGS2,INS-NOBS,GS2A_20220304T023611_034978_N04.00,UINT16,S2MSI1C,JPEG2000,LEVEL-1C,S2A_OPER_MSI_L1C_DS_VGS2_20220304T042845_S20220304T024800_N04.00,WGS84,UTM,50N,32650,10  20  60,METER,35.7004584201017,143.2083803941540,10000,Y,22°59'42.41"N,119°29'10.51"E,23°29'53.69"N,118°57'29.45"E,23°28'51.72"N,120°01'56.91"E,22°29'25.96"N,120°00'37.53"E,22°30'25.03"N,118°56'38.13"E,22.9951143,119.4862518,23.4982462,118.9581809,23.4810344,120.0324758,22.4905457,120.0104242,22.5069519,118.943926,L1C_T50QQL_A034978_20220304T024800,16794691
L1C_T50QQL_A026098_20220306T023829,2022-03-06T02:38:29.703Z,2022-03-06T02:45:39.028Z,T50QQL,0.85989,ESA,SENTINEL-2B,VGS1,L1C_T50QQL_A026098_20220306T023829,46,Descending Orbit,04.00,2022-03-06T04:18:19.000000Z,S2B_MSIL1C_20220306T022549_N0400_R046_T50QQL_20220306T041819,VGS1,INS-NOBS,GS2B_20220306T022549_026098_N04.00,UINT16,S2MSI1C,JPEG2000,LEVEL-1C,S2B_OPER_MSI_L1C_DS_VGS1_20220306T041819_S20220306T023829_N04.00,WGS84,UTM,50N,32650,10  20  60,METER,36.4611242559368,139.1429333027820,10000,Y,22°59'42.41"N,119°29'10.51"E,23°29'53.69"N,118°57'29.45"E,23°28'51.72"N,120°01'56.91"E,22°29'25.96"N,120°00'37.53"E,22°30'25.03"N,118°56'38.13"E,22.9951143,119.4862518,23.4982462,118.9581809,23.4810344,120.0324758,22.4905457,120.0104242,22.5069519,118.943926,L1C_T50QQL_A026098_20220306T023829,16823663
L1C_T50QQK_A026098_20220306T023829,2022-03-06T02:38:29.703Z,2022-03-06T02:45:39.028Z,T50QQK,3.50108,ESA,SENTINEL-2B,VGS1,L1C_T50QQK_A026098_20220306T023829,46,Descending Orbit,04.00,2022-03-06T04:18:19.000000Z,S2B_MSIL1C_20220306T022549_N0400_R046_T50QQK_20220306T041819,VGS1,INS-NOBS,GS2B_20220306T022549_026098_N04.00,UINT16,S2MSI1C,JPEG2000,LEVEL-1C,S2B_OPER_MSI_L1C_DS_VGS1_20220306T041819_S20220306T023829_N04.00,WGS84,UTM,50N,32650,10  20  60,METER,35.7546474970594,138.3874327775370,10000,Y,22°05'32.59"N,119°28'12.45"E,22°35'42.91"N,118°56'42.59"E,22°34'43.59"N,120°00'44.42"E,21°35'17.37"N,119°59'28.98"E,21°36'13.82"N,118°55'53.82"E,22.0923866,119.4701258,22.5952529,118.9451638,22.5787754,120.0123391,21.5881579,119.991383,21.60384,118.9316174,L1C_T50QQK_A026098_20220306T023829,16824364
L1C_T50QPL_A026141_20220309T024726,2022-03-09T02:47:26.365Z,2022-03-09T02:55:00.945Z,T50QPL,0.04688,ESA,SENTINEL-2B,VGS1,L1C_T50QPL_A026141_20220309T024726,89,Descending Orbit,04.00,2022-03-09T04:28:12.000000Z,S2B_MSIL1C_20220309T023549_N0400_R089_T50QPL_20220309T042812,VGS1,INS-NOBS,GS2B_20220309T023549_026141_N04.00,UINT16,S2MSI1C,JPEG2000,LEVEL-1C,S2B_OPER_MSI_L1C_DS_VGS1_20220309T042812_S20220309T024726_N04.00,WGS84,UTM,50N,32650,10  20  60,METER,34.5161617065093,140.2951030277700,10000,Y,23°00'26.72"N,118°30'41.23"E,23°30'26.91"N,117°58'46.03"E,23°29'49.22"N,119°03'16.18"E,22°30'20.77"N,119°02'22.35"E,22°30'56.70"N,117°58'20.35"E,23.0074215,118.511452,23.5074763,117.9794527,23.4970055,119.0544957,22.5057693,119.0395409,22.51575,117.9723185,L1C_T50QPL_A026141_20220309T024726,16865918
L1C_T50QPK_A026141_20220309T024726,2022-03-09T02:47:26.365Z,2022-03-09T02:55:00.945Z,T50QPK,8.39443,ESA,SENTINEL-2B,VGS1,L1C_T50QPK_A026141_20220309T024726,89,Descending Orbit,04.00,2022-03-09T04:28:12.000000Z,S2B_MSIL1C_20220309T023549_N0400_R089_T50QPK_20220309T042812,VGS1,INS-NOBS,GS2B_20220309T023549_026141_N04.00,UINT16,S2MSI1C,JPEG2000,LEVEL-1C,S2B_OPER_MSI_L1C_DS_VGS1_20220309T042812_S20220309T024726_N04.00,WGS84,UTM,50N,32650,10  20  60,METER,33.7946214095433,139.5105262492890,10000,Y,22°06'14.97"N,118°30'05.91"E,22°36'14.72"N,117°58'22.58"E,22°35'38.63"N,119°02'27.02"E,21°36'09.76"N,119°01'35.86"E,21°36'44.10"N,117°57'58.17"E,22.1041598,118.5016409,22.6040892,117.972938,22.5940651,119.0408395,21.6027096,119.0266278,21.6122496,117.9661585,L1C_T50QPK_A026141_20220309T024726,16865932
L1C_T50QQL_A026141_20220309T024726,2022-03-09T02:47:26.365Z,2022-03-09T02:55:00.945Z,T50QQL,0.83436,ESA,SENTINEL-2B,VGS1,L1C_T50QQL_A026141_20220309T024726,89,Descending Orbit,04.00,2022-03-09T04:28:12.000000Z,S2B_MSIL1C_20220309T023549_N0400_R089_T50QQL_20220309T042812,VGS1,INS-NOBS,GS2B_20220309T023549_026141_N04.00,UINT16,S2MSI1C,JPEG2000,LEVEL-1C,S2B_OPER_MSI_L1C_DS_VGS1_20220309T042812_S20220309T024726_N04.00,WGS84,UTM,50N,32650,10  20  60,METER,33.9478865143803,141.6740023240000,10000,Y,22°59'42.41"N,119°29'10.51"E,23°29'53.69"N,118°57'29.45"E,23°28'51.72"N,120°01'56.91"E,22°29'25.96"N,120°00'37.53"E,22°30'25.03"N,118°56'38.13"E,22.9951143,119.4862518,23.4982462,118.9581809,23.4810344,120.0324758,22.4905457,120.0104242,22.5069519,118.943926,L1C_T50QQL_A026141_20220309T024726,16865999
L1C_T50QQK_A026141_20220309T024726,2022-03-09T02:47:26.365Z,2022-03-09T02:55:00.945Z,T50QQK,6.69445,ESA,SENTINEL-2B,VGS1,L1C_T50QQK_A026141_20220309T024726,89,Descending Orbit,04.00,2022-03-09T04:28:12.000000Z,S2B_MSIL1C_20220309T023549_N0400_R089_T50QQK_20220309T042812,VGS1,INS-NOBS,GS2B_20220309T023549_026141_N04.00,UINT16,S2MSI1C,JPEG2000,LEVEL-1C,S2B_OPER_MSI_L1C_DS_VGS1_20220309T042812_S20220309T024726_N04.00,WGS84,UTM,50N,32650,10  20  60,METER,33.2175265544341,140.8893845909390,10000,Y,22°05'32.59"N,119°28'12.45"E,22°35'42.91"N,118°56'42.59"E,22°34'43.59"N,120°00'44.42"E,21°35'17.37"N,119°59'28.98"E,21°36'13.82"N,118°55'53.82"E,22.0923866,119.4701258,22.5952529,118.9451638,22.5787754,120.0123391,21.5881579,119.991383,21.60384,118.9316174,L1C_T50QQK_A026141_20220309T024726,16866952
L1C_T50QQL_A035078_20220311T023921,2022-03-11T02:39:21.601Z,2022-03-11T02:45:11.555Z,T50QQL,0.00000,ESA,SENTINEL-2A,VGS2,L1C_T50QQL_A035078_20220311T023921,46,Descending Orbit,04.00,2022-03-11T04:17:37.000000Z,S2A_MSIL1C_20220311T022551_N0400_R046_T50QQL_20220311T041737,VGS2,INS-NOBS,GS2A_20220311T022551_035078_N04.00,UINT16,S2MSI1C,JPEG2000,LEVEL-1C,S2A_OPER_MSI_L1C_DS_VGS2_20220311T041737_S20220311T023921_N04.00,WGS84,UTM,50N,32650,10  20  60,METER,34.7151009540198,137.5351265872330,10000,Y,22°59'42.41"N,119°29'10.51"E,23°29'53.69"N,118°57'29.45"E,23°28'51.72"N,120°01'56.91"E,22°29'25.96"N,120°00'37.53"E,22°30'25.03"N,118°56'38.13"E,22.9951143,119.4862518,23.4982462,118.9581809,23.4810344,120.0324758,22.4905457,120.0104242,22.5069519,118.943926,L1C_T50QQL_A035078_20220311T023921,16893882
L1C_T50QQK_A035078_20220311T023921,2022-03-11T02:39:21.601Z,2022-03-11T02:45:11.555Z,T50QQK,0.00000,ESA,SENTINEL-2A,VGS2,L1C_T50QQK_A035078_20220311T023921,46,Descending Orbit,04.00,2022-03-11T04:17:37.000000Z,S2A_MSIL1C_20220311T022551_N0400_R046_T50QQK_20220311T041737,VGS2,INS-NOBS,GS2A_20220311T022551_035078_N04.00,UINT16,S2MSI1C,JPEG2000,LEVEL-1C,S2A_OPER_MSI_L1C_DS_VGS2_20220311T041737_S20220311T023921_N04.00,WGS84,UTM,50N,32650,10  20  60,METER,34.0251337893370,136.6988478019120,10000,Y,22°05'32.59"N,119°28'12.45"E,22°35'42.91"N,118°56'42.59"E,22°34'43.59"N,120°00'44.42"E,21°35'17.37"N,119°59'28.98"E,21°36'13.82"N,118°55'53.82"E,22.0923866,119.4701258,22.5952529,118.9451638,22.5787754,120.0123391,21.5881579,119.991383,21.60384,118.9316174,L1C_T50QQK_A035078_20220311T023921,16894188
L1C_T50QQL_A035121_20220314T024859,2022-03-14T02:48:59.954Z,2022-03-14T03:00:29.038Z,T50QQL,15.47473,ESA,SENTINEL-2A,VGS4,L1C_T50QQL_A035121_20220314T024859,89,Descending Orbit,04.00,2022-03-14T05:26:06.000000Z,S2A_MSIL1C_20220314T023551_N0400_R089_T50QQL_20220314T052606,VGS4,INS-NOBS,GS2A_20220314T023551_035121_N04.00,UINT16,S2MSI1C,JPEG2000,LEVEL-1C,S2A_OPER_MSI_L1C_DS_VGS4_20220314T052606_S20220314T024859_N04.00,WGS84,UTM,50N,32650,10  20  60,METER,32.1433789628583,140.1057180510920,10000,Y,22°59'42.41"N,119°29'10.51"E,23°29'53.69"N,118°57'29.45"E,23°28'51.72"N,120°01'56.91"E,22°29'25.96"N,120°00'37.53"E,22°30'25.03"N,118°56'38.13"E,22.9951143,119.4862518,23.4982462,118.9581809,23.4810344,120.0324758,22.4905457,120.0104242,22.5069519,118.943926,L1C_T50QQL_A035121_20220314T024859,16941272
L1C_T50QQK_A026384_20220326T023827,2022-03-26T02:38:27.697Z,2022-03-26T02:45:37.021Z,T50QQK,20.10321,ESA,SENTINEL-2B,VGS1,L1C_T50QQK_A026384_20220326T023827,46,Descending Orbit,04.00,2022-03-26T04:19:38.000000Z,S2B_MSIL1C_20220326T022549_N0400_R046_T50QQK_20220326T041938,VGS1,INS-NOBS,GS2B_20220326T022549_026384_N04.00,UINT16,S2MSI1C,JPEG2000,LEVEL-1C,S2B_OPER_MSI_L1C_DS_VGS1_20220326T041938_S20220326T023827_N04.00,WGS84,UTM,50N,32650,10  20  60,METER,28.9254490392473,130.5886408957320,10000,Y,22°05'32.59"N,119°28'12.45"E,22°35'42.91"N,118°56'42.59"E,22°34'43.59"N,120°00'44.42"E,21°35'17.37"N,119°59'28.98"E,21°36'13.82"N,118°55'53.82"E,22.0923866,119.4701258,22.5952529,118.9451638,22.5787754,120.0123391,21.5881579,119.991383,21.60384,118.9316174,L1C_T50QQK_A026384_20220326T023827,17116167
L1C_T50QQK_A035364_20220331T023825,2022-03-31T02:38:25.485Z,2022-03-31T02:50:30.647Z,T50QQK,16.56432,ESA,SENTINEL-2A,VGS4,L1C_T50QQK_A035364_20220331T023825,46,Descending Orbit,04.00,2022-03-31T05:27:59.000000Z,S2A_MSIL1C_20220331T022551_N0400_R046_T50QQK_20220331T052759,VGS4,INS-NOBS,GS2A_20220331T022551_035364_N04.00,UINT16,S2MSI1C,JPEG2000,LEVEL-1C,S2A_OPER_MSI_L1C_DS_VGS4_20220331T052759_S20220331T023825_N04.00,WGS84,UTM,50N,32650,10  20  60,METER,27.2819808039708,128.2009330016600,10000,Y,22°05'32.59"N,119°28'12.45"E,22°35'42.91"N,118°56'42.59"E,22°34'43.59"N,120°00'44.42"E,21°35'17.37"N,119°59'28.98"E,21°36'13.82"N,118°55'53.82"E,22.0923866,119.4701258,22.5952529,118.9451638,22.5787754,120.0123391,21.5881579,119.991383,21.60384,118.9316174,L1C_T50QQK_A035364_20220331T023825,17193978
L1C_T50QQK_A026527_20220405T023827,2022-04-05T02:38:27.702Z,2022-04-05T02:45:37.027Z,T50QQK,13.83828,ESA,SENTINEL-2B,VGS1,L1C_T50QQK_A026527_20220405T023827,46,Descending Orbit,04.00,2022-04-05T04:19:06.000000Z,S2B_MSIL1C_20220405T022549_N0400_R046_T50QQK_20220405T041906,VGS1,INS-NOBS,GS2B_20220405T022549_026527_N04.00,UINT16,S2MSI1C,JPEG2000,LEVEL-1C,S2B_OPER_MSI_L1C_DS_VGS1_20220405T041906_S20220405T023827_N04.00,WGS84,UTM,50N,32650,10  20  60,METER,25.7453116225087,125.5083707379000,10000,Y,22°05'32.59"N,119°28'12.45"E,22°35'42.91"N,118°56'42.59"E,22°34'43.59"N,120°00'44.42"E,21°35'17.37"N,119°59'28.98"E,21°36'13.82"N,118°55'53.82"E,22.0923866,119.4701258,22.5952529,118.9451638,22.5787754,120.0123391,21.5881579,119.991383,21.60384,118.9316174,L1C_T50QQK_A026527_20220405T023827,17271919
L1C_T50QQL_A026527_20220405T023827,2022-04-05T02:38:27.702Z,2022-04-05T02:45:37.027Z,T50QQL,19.35690,ESA,SENTINEL-2B,VGS1,L1C_T50QQL_A026527_20220405T023827,46,Descending Orbit,04.00,2022-04-05T04:19:06.000000Z,S2B_MSIL1C_20220405T022549_N0400_R046_T50QQL_20220405T041906,VGS1,INS-NOBS,GS2B_20220405T022549_026527_N04.00,UINT16,S2MSI1C,JPEG2000,LEVEL-1C,S2B_OPER_MSI_L1C_DS_VGS1_20220405T041906_S20220405T023827_N04.00,WGS84,UTM,50N,32650,10  20  60,METER,26.3125136212994,126.9321163322950,10000,Y,22°59'42.41"N,119°29'10.51"E,23°29'53.69"N,118°57'29.45"E,23°28'51.72"N,120°01'56.91"E,22°29'25.96"N,120°00'37.53"E,22°30'25.03"N,118°56'38.13"E,22.9951143,119.4862518,23.4982462,118.9581809,23.4810344,120.0324758,22.4905457,120.0104242,22.5069519,118.943926,L1C_T50QQL_A026527_20220405T023827,17272595
L1C_T50QQL_A026570_20220408T024638,2022-04-08T02:46:38.470Z,2022-04-08T02:54:13.050Z,T50QQL,27.57206,ESA,SENTINEL-2B,VGS1,L1C_T50QQL_A026570_20220408T024638,89,Descending Orbit,04.00,2022-04-08T04:30:07.000000Z,S2B_MSIL1C_20220408T023549_N0400_R089_T50QQL_20220408T043007,VGS1,INS-NOBS,GS2B_20220408T023549_026570_N04.00,UINT16,S2MSI1C,JPEG2000,LEVEL-1C,S2B_OPER_MSI_L1C_DS_VGS1_20220408T043007_S20220408T024638_N04.00,WGS84,UTM,50N,32650,10  20  60,METER,23.5800865188619,129.3261205977130,10000,Y,22°59'42.41"N,119°29'10.51"E,23°29'53.69"N,118°57'29.45"E,23°28'51.72"N,120°01'56.91"E,22°29'25.96"N,120°00'37.53"E,22°30'25.03"N,118°56'38.13"E,22.9951143,119.4862518,23.4982462,118.9581809,23.4810344,120.0324758,22.4905457,120.0104242,22.5069519,118.943926,L1C_T50QQL_A026570_20220408T024638,17316496
L1C_T50QPL_A026570_20220408T024638,2022-04-08T02:46:38.470Z,2022-04-08T02:54:13.050Z,T50QPL,29.84631,ESA,SENTINEL-2B,VGS1,L1C_T50QPL_A026570_20220408T024638,89,Descending Orbit,04.00,2022-04-08T04:30:07.000000Z,S2B_MSIL1C_20220408T023549_N0400_R089_T50QPL_20220408T043007,VGS1,INS-NOBS,GS2B_20220408T023549_026570_N04.00,UINT16,S2MSI1C,JPEG2000,LEVEL-1C,S2B_OPER_MSI_L1C_DS_VGS1_20220408T043007_S20220408T024638_N04.00,WGS84,UTM,50N,32650,10  20  60,METER,24.2820660834888,127.7252722771040,10000,Y,23°00'26.72"N,118°30'41.23"E,23°30'26.91"N,117°58'46.03"E,23°29'49.22"N,119°03'16.18"E,22°30'20.77"N,119°02'22.35"E,22°30'56.70"N,117°58'20.35"E,23.0074215,118.511452,23.5074763,117.9794527,23.4970055,119.0544957,22.5057693,119.0395409,22.51575,117.9723185,L1C_T50QPL_A026570_20220408T024638,17316708
L1C_T50QQK_A035507_20220410T023825,2022-04-10T02:38:25.488Z,2022-04-10T02:50:27.042Z,T50QQK,28.54657,ESA,SENTINEL-2A,VGS4,L1C_T50QQK_A035507_20220410T023825,46,Descending Orbit,04.00,2022-04-10T05:13:49.000000Z,S2A_MSIL1C_20220410T022551_N0400_R046_T50QQK_20220410T051349,VGS4,INS-NOBS,GS2A_20220410T022551_035507_N04.00,UINT16,S2MSI1C,JPEG2000,LEVEL-1C,S2A_OPER_MSI_L1C_DS_VGS4_20220410T051349_S20220410T023825_N04.00,WGS84,UTM,50N,32650,10  20  60,METER,24.2731079829324,122.6219972236760,10000,Y,22°05'32.59"N,119°28'12.45"E,22°35'42.91"N,118°56'42.59"E,22°34'43.59"N,120°00'44.42"E,21°35'17.37"N,119°59'28.98"E,21°36'13.82"N,118°55'53.82"E,22.0923866,119.4701258,22.5952529,118.9451638,22.5787754,120.0123391,21.5881579,119.991383,21.60384,118.9316174,L1C_T50QQK_A035507_20220410T023825,17348520
L1C_T50QQL_A035507_20220410T023825,2022-04-10T02:38:25.488Z,2022-04-10T02:50:27.042Z,T50QQL,13.25225,ESA,SENTINEL-2A,VGS4,L1C_T50QQL_A035507_20220410T023825,46,Descending Orbit,04.00,2022-04-10T05:13:49.000000Z,S2A_MSIL1C_20220410T022551_N0400_R046_T50QQL_20220410T051349,VGS4,INS-NOBS,GS2A_20220410T022551_035507_N04.00,UINT16,S2MSI1C,JPEG2000,LEVEL-1C,S2A_OPER_MSI_L1C_DS_VGS4_20220410T051349_S20220410T023825_N04.00,WGS84,UTM,50N,32650,10  20  60,METER,24.8051812481910,124.2051418485610,10000,Y,22°59'42.41"N,119°29'10.51"E,23°29'53.69"N,118°57'29.45"E,23°28'51.72"N,120°01'56.91"E,22°29'25.96"N,120°00'37.53"E,22°30'25.03"N,118°56'38.13"E,22.9951143,119.4862518,23.4982462,118.9581809,23.4810344,120.0324758,22.4905457,120.0104242,22.5069519,118.943926,L1C_T50QQL_A035507_20220410T023825,17348535
L1C_T50QPK_A035550_20220413T024857,2022-04-13T02:48:57.950Z,2022-04-13T03:00:27.035Z,T50QPK,5.71797,ESA,SENTINEL-2A,VGS4,L1C_T50QPK_A035550_20220413T024857,89,Descending Orbit,04.00,2022-04-13T05:18:44.000000Z,S2A_MSIL1C_20220413T023551_N0400_R089_T50QPK_20220413T051844,VGS4,INS-NOBS,GS2A_20220413T023551_035550_N04.00,UINT16,S2MSI1C,JPEG2000,LEVEL-1C,S2A_OPER_MSI_L1C_DS_VGS4_20220413T051844_S20220413T024857_N04.00,WGS84,UTM,50N,32650,10  20  60,METER,22.2517003702269,123.1264303654690,10000,Y,22°06'14.97"N,118°30'05.91"E,22°36'14.72"N,117°58'22.58"E,22°35'38.63"N,119°02'27.02"E,21°36'09.76"N,119°01'35.86"E,21°36'44.10"N,117°57'58.17"E,22.1041598,118.5016409,22.6040892,117.972938,22.5940651,119.0408395,21.6027096,119.0266278,21.6122496,117.9661585,L1C_T50QPK_A035550_20220413T024857,17391708
L1C_T50QQL_A035550_20220413T024857,2022-04-13T02:48:57.950Z,2022-04-13T03:00:27.035Z,T50QQL,6.77795,ESA,SENTINEL-2A,VGS4,L1C_T50QQL_A035550_20220413T024857,89,Descending Orbit,04.00,2022-04-13T05:18:44.000000Z,S2A_MSIL1C_20220413T023551_N0400_R089_T50QQL_20220413T051844,VGS4,INS-NOBS,GS2A_20220413T023551_035550_N04.00,UINT16,S2MSI1C,JPEG2000,LEVEL-1C,S2A_OPER_MSI_L1C_DS_VGS4_20220413T051844_S20220413T024857_N04.00,WGS84,UTM,50N,32650,10  20  60,METER,22.0676927531548,126.4551359287050,10000,Y,22°59'42.41"N,119°29'10.51"E,23°29'53.69"N,118°57'29.45"E,23°28'51.72"N,120°01'56.91"E,22°29'25.96"N,120°00'37.53"E,22°30'25.03"N,118°56'38.13"E,22.9951143,119.4862518,23.4982462,118.9581809,23.4810344,120.0324758,22.4905457,120.0104242,22.5069519,118.943926,L1C_T50QQL_A035550_20220413T024857,17391763
L1C_T50QPL_A035550_20220413T024857,2022-04-13T02:48:57.950Z,2022-04-13T03:00:27.035Z,T50QPL,18.62211,ESA,SENTINEL-2A,VGS4,L1C_T50QPL_A035550_20220413T024857,89,Descending Orbit,04.00,2022-04-13T05:18:44.000000Z,S2A_MSIL1C_20220413T023551_N0400_R089_T50QPL_20220413T051844,VGS4,INS-NOBS,GS2A_20220413T023551_035550_N04.00,UINT16,S2MSI1C,JPEG2000,LEVEL-1C,S2A_OPER_MSI_L1C_DS_VGS4_20220413T051844_S20220413T024857_N04.00,WGS84,UTM,50N,32650,10  20  60,METER,22.7960227473746,124.8493389701940,10000,Y,23°00'26.72"N,118°30'41.23"E,23°30'26.91"N,117°58'46.03"E,23°29'49.22"N,119°03'16.18"E,22°30'20.77"N,119°02'22.35"E,22°30'56.70"N,117°58'20.35"E,23.0074215,118.511452,23.5074763,117.9794527,23.4970055,119.0544957,22.5057693,119.0395409,22.51575,117.9723185,L1C_T50QPL_A035550_20220413T024857,17391996
L1C_T50QQK_A035550_20220413T024857,2022-04-13T02:48:57.950Z,2022-04-13T03:00:27.035Z,T50QQK,3.79516,ESA,SENTINEL-2A,VGS4,L1C_T50QQK_A035550_20220413T024857,89,Descending Orbit,04.00,2022-04-13T05:18:44.000000Z,S2A_MSIL1C_20220413T023551_N0400_R089_T50QQK_20220413T051844,VGS4,INS-NOBS,GS2A_20220413T023551_035550_N04.00,UINT16,S2MSI1C,JPEG2000,LEVEL-1C,S2A_OPER_MSI_L1C_DS_VGS4_20220413T051844_S20220413T024857_N04.00,WGS84,UTM,50N,32650,10  20  60,METER,21.5086706635390,124.6954216817390,10000,Y,22°05'32.59"N,119°28'12.45"E,22°35'42.91"N,118°56'42.59"E,22°34'43.59"N,120°00'44.42"E,21°35'17.37"N,119°59'28.98"E,21°36'13.82"N,118°55'53.82"E,22.0923866,119.4701258,22.5952529,118.9451638,22.5787754,120.0123391,21.5881579,119.991383,21.60384,118.9316174,L1C_T50QQK_A035550_20220413T024857,17392261
L1C_T50QQL_A026670_20220415T023801,2022-04-15T02:38:01.445Z,2022-04-15T02:45:10.770Z,T50QQL,2.91290,ESA,SENTINEL-2B,VGS1,L1C_T50QQL_A026670_20220415T023801,46,Descending Orbit,04.00,2022-04-15T04:18:15.000000Z,S2B_MSIL1C_20220415T022549_N0400_R046_T50QQL_20220415T041815,VGS1,INS-NOBS,GS2B_20220415T022549_026670_N04.00,UINT16,S2MSI1C,JPEG2000,LEVEL-1C,S2B_OPER_MSI_L1C_DS_VGS1_20220415T041815_S20220415T023801_N04.00,WGS84,UTM,50N,32650,10  20  60,METER,23.4433539478882,121.1609349834170,10000,Y,22°59'42.41"N,119°29'10.51"E,23°29'53.69"N,118°57'29.45"E,23°28'51.72"N,120°01'56.91"E,22°29'25.96"N,120°00'37.53"E,22°30'25.03"N,118°56'38.13"E,22.9951143,119.4862518,23.4982462,118.9581809,23.4810344,120.0324758,22.4905457,120.0104242,22.5069519,118.943926,L1C_T50QQL_A026670_20220415T023801,17418058
L1C_T50QQK_A026670_20220415T023801,2022-04-15T02:38:01.445Z,2022-04-15T02:45:10.770Z,T50QQK,23.26157,ESA,SENTINEL-2B,VGS1,L1C_T50QQK_A026670_20220415T023801,46,Descending Orbit,04.00,2022-04-15T04:18:15.000000Z,S2B_MSIL1C_20220415T022549_N0400_R046_T50QQK_20220415T041815,VGS1,INS-NOBS,GS2B_20220415T022549_026670_N04.00,UINT16,S2MSI1C,JPEG2000,LEVEL-1C,S2B_OPER_MSI_L1C_DS_VGS1_20220415T041815_S20220415T023801_N04.00,WGS84,UTM,50N,32650,10  20  60,METER,22.9519685622669,119.4079249202010,10000,Y,22°05'32.59"N,119°28'12.45"E,22°35'42.91"N,118°56'42.59"E,22°34'43.59"N,120°00'44.42"E,21°35'17.37"N,119°59'28.98"E,21°36'13.82"N,118°55'53.82"E,22.0923866,119.4701258,22.5952529,118.9451638,22.5787754,120.0123391,21.5881579,119.991383,21.60384,118.9316174,L1C_T50QQK_A026670_20220415T023801,17418817
L1C_T50QPK_A026713_20220418T024413,2022-04-18T02:44:13.152Z,2022-04-18T02:51:47.732Z,T50QPK,20.43492,ESA,SENTINEL-2B,VGS1,L1C_T50QPK_A026713_20220418T024413,89,Descending Orbit,04.00,2022-04-18T04:29:25.000000Z,S2B_MSIL1C_20220418T023549_N0400_R089_T50QPK_20220418T042925,VGS1,INS-NOBS,GS2B_20220418T023549_026713_N04.00,UINT16,S2MSI1C,JPEG2000,LEVEL-1C,S2B_OPER_MSI_L1C_DS_VGS1_20220418T042925_S20220418T024413_N04.00,WGS84,UTM,50N,32650,10  20  60,METER,20.9740525825260,119.6778230267450,10000,Y,22°06'14.97"N,118°30'05.91"E,22°36'14.72"N,117°58'22.58"E,22°35'38.63"N,119°02'27.02"E,21°36'09.76"N,119°01'35.86"E,21°36'44.10"N,117°57'58.17"E,22.1041598,118.5016409,22.6040892,117.972938,22.5940651,119.0408395,21.6027096,119.0266278,21.6122496,117.9661585,L1C_T50QPK_A026713_20220418T024413,17428204
L1C_T50QQK_A026713_20220418T024413,2022-04-18T02:44:13.152Z,2022-04-18T02:51:47.732Z,T50QQK,5.63106,ESA,SENTINEL-2B,VGS1,L1C_T50QQK_A026713_20220418T024413,89,Descending Orbit,04.00,2022-04-18T04:29:25.000000Z,S2B_MSIL1C_20220418T023549_N0400_R089_T50QQK_20220418T042925,VGS1,INS-NOBS,GS2B_20220418T023549_026713_N04.00,UINT16,S2MSI1C,JPEG2000,LEVEL-1C,S2B_OPER_MSI_L1C_DS_VGS1_20220418T042925_S20220418T024413_N04.00,WGS84,UTM,50N,32650,10  20  60,METER,20.2030400846755,121.2082756226080,10000,Y,22°05'32.59"N,119°28'12.45"E,22°35'42.91"N,118°56'42.59"E,22°34'43.59"N,120°00'44.42"E,21°35'17.37"N,119°59'28.98"E,21°36'13.82"N,118°55'53.82"E,22.0923866,119.4701258,22.5952529,118.9451638,22.5787754,120.0123391,21.5881579,119.991383,21.60384,118.9316174,L1C_T50QQK_A026713_20220418T024413,17429133
L1C_T50QQK_A035650_20220420T023827,2022-04-20T02:38:27.480Z,2022-04-20T02:50:32.642Z,T50QQK,29.79875,ESA,SENTINEL-2A,VGS4,L1C_T50QQK_A035650_20220420T023827,46,Descending Orbit,04.00,2022-04-20T05:17:24.000000Z,S2A_MSIL1C_20220420T022551_N0400_R046_T50QQK_20220420T051724,VGS4,INS-NOBS,GS2A_20220420T022551_035650_N04.00,UINT16,S2MSI1C,JPEG2000,LEVEL-1C,S2A_OPER_MSI_L1C_DS_VGS4_20220420T051724_S20220420T023827_N04.00,WGS84,UTM,50N,32650,10  20  60,METER,21.7244225107750,116.0120788376220,10000,Y,22°05'32.59"N,119°28'12.45"E,22°35'42.91"N,118°56'42.59"E,22°34'43.59"N,120°00'44.42"E,21°35'17.37"N,119°59'28.98"E,21°36'13.82"N,118°55'53.82"E,22.0923866,119.4701258,22.5952529,118.9451638,22.5787754,120.0123391,21.5881579,119.991383,21.60384,118.9316174,L1C_T50QQK_A035650_20220420T023827,17489727
L1C_T50QPL_A035693_20220423T024859,2022-04-23T02:48:59.952Z,2022-04-23T03:00:29.036Z,T50QPL,20.10514,ESA,SENTINEL-2A,VGS4,L1C_T50QPL_A035693_20220423T024859,89,Descending Orbit,04.00,2022-04-23T05:21:03.000000Z,S2A_MSIL1C_20220423T023551_N0400_R089_T50QPL_20220423T052103,VGS4,INS-NOBS,GS2A_20220423T023551_035693_N04.00,UINT16,S2MSI1C,JPEG2000,LEVEL-1C,S2A_OPER_MSI_L1C_DS_VGS4_20220423T052103_S20220423T024859_N04.00,WGS84,UTM,50N,32650,10  20  60,METER,20.2483978745610,118.1631007920110,10000,Y,23°00'26.72"N,118°30'41.23"E,23°30'26.91"N,117°58'46.03"E,23°29'49.22"N,119°03'16.18"E,22°30'20.77"N,119°02'22.35"E,22°30'56.70"N,117°58'20.35"E,23.0074215,118.511452,23.5074763,117.9794527,23.4970055,119.0544957,22.5057693,119.0395409,22.51575,117.9723185,L1C_T50QPL_A035693_20220423T024859,17538646
L1C_T50QPK_A035693_20220423T024859,2022-04-23T02:48:59.952Z,2022-04-23T03:00:29.036Z,T50QPK,9.70537,ESA,SENTINEL-2A,VGS4,L1C_T50QPK_A035693_20220423T024859,89,Descending Orbit,04.00,2022-04-23T05:21:03.000000Z,S2A_MSIL1C_20220423T023551_N0400_R089_T50QPK_20220423T052103,VGS4,INS-NOBS,GS2A_20220423T023551_035693_N04.00,UINT16,S2MSI1C,JPEG2000,LEVEL-1C,S2A_OPER_MSI_L1C_DS_VGS4_20220423T052103_S20220423T024859_N04.00,WGS84,UTM,50N,32650,10  20  60,METER,19.7946642084566,116.0346510199370,10000,Y,22°06'14.97"N,118°30'05.91"E,22°36'14.72"N,117°58'22.58"E,22°35'38.63"N,119°02'27.02"E,21°36'09.76"N,119°01'35.86"E,21°36'44.10"N,117°57'58.17"E,22.1041598,118.5016409,22.6040892,117.972938,22.5940651,119.0408395,21.6027096,119.0266278,21.6122496,117.9661585,L1C_T50QPK_A035693_20220423T024859,17538657
L1C_T50QQK_A035693_20220423T024859,2022-04-23T02:48:59.952Z,2022-04-23T03:00:29.036Z,T50QQK,9.25587,ESA,SENTINEL-2A,VGS4,L1C_T50QQK_A035693_20220423T024859,89,Descending Orbit,04.00,2022-04-23T05:21:03.000000Z,S2A_MSIL1C_20220423T023551_N0400_R089_T50QQK_20220423T052103,VGS4,INS-NOBS,GS2A_20220423T023551_035693_N04.00,UINT16,S2MSI1C,JPEG2000,LEVEL-1C,S2A_OPER_MSI_L1C_DS_VGS4_20220423T052103_S20220423T024859_N04.00,WGS84,UTM,50N,32650,10  20  60,METER,18.9970759511519,117.5004786088750,10000,Y,22°05'32.59"N,119°28'12.45"E,22°35'42.91"N,118°56'42.59"E,22°34'43.59"N,120°00'44.42"E,21°35'17.37"N,119°59'28.98"E,21°36'13.82"N,118°55'53.82"E,22.0923866,119.4701258,22.5952529,118.9451638,22.5787754,120.0123391,21.5881579,119.991383,21.60384,118.9316174,L1C_T50QQK_A035693_20220423T024859,17538768
L1C_T50QQL_A026813_20220425T023824,2022-04-25T02:38:24.696Z,2022-04-25T02:45:34.021Z,T50QQL,0.06715,ESA,SENTINEL-2B,VGS1,L1C_T50QQL_A026813_20220425T023824,46,Descending Orbit,04.00,2022-04-25T04:19:30.000000Z,S2B_MSIL1C_20220425T022549_N0400_R046_T50QQL_20220425T041930,VGS1,INS-NOBS,GS2B_20220425T022549_026813_N04.00,UINT16,S2MSI1C,JPEG2000,LEVEL-1C,S2B_OPER_MSI_L1C_DS_VGS1_20220425T041930_S20220425T023824_N04.00,WGS84,UTM,50N,32650,10  20  60,METER,21.1146351071114,114.3815648245340,10000,Y,22°59'42.41"N,119°29'10.51"E,23°29'53.69"N,118°57'29.45"E,23°28'51.72"N,120°01'56.91"E,22°29'25.96"N,120°00'37.53"E,22°30'25.03"N,118°56'38.13"E,22.9951143,119.4862518,23.4982462,118.9581809,23.4810344,120.0324758,22.4905457,120.0104242,22.5069519,118.943926,L1C_T50QQL_A026813_20220425T023824,17569528
L1C_T50QQK_A026813_20220425T023824,2022-04-25T02:38:24.696Z,2022-04-25T02:45:34.021Z,T50QQK,1.52381,ESA,SENTINEL-2B,VGS1,L1C_T50QQK_A026813_20220425T023824,46,Descending Orbit,04.00,2022-04-25T04:19:30.000000Z,S2B_MSIL1C_20220425T022549_N0400_R046_T50QQK_20220425T041930,VGS1,INS-NOBS,GS2B_20220425T022549_026813_N04.00,UINT16,S2MSI1C,JPEG2000,LEVEL-1C,S2B_OPER_MSI_L1C_DS_VGS1_20220425T041930_S20220425T023824_N04.00,WGS84,UTM,50N,32650,10  20  60,METER,20.7187408023987,112.2726408668520,10000,Y,22°05'32.59"N,119°28'12.45"E,22°35'42.91"N,118°56'42.59"E,22°34'43.59"N,120°00'44.42"E,21°35'17.37"N,119°59'28.98"E,21°36'13.82"N,118°55'53.82"E,22.0923866,119.4701258,22.5952529,118.9451638,22.5787754,120.0123391,21.5881579,119.991383,21.60384,118.9316174,L1C_T50QQK_A026813_20220425T023824,17569707
L1C_T50QQK_A026856_20220428T024721,2022-04-28T02:47:21.366Z,2022-04-28T02:54:55.945Z,T50QQK,5.22665,ESA,SENTINEL-2B,2BPS,L1C_T50QQK_A026856_20220428T024721,89,Descending Orbit,04.00,2022-04-28T04:32:20.000000Z,S2B_MSIL1C_20220428T023539_N0400_R089_T50QQK_20220428T043220,2BPS,INS-NOBS,GS2B_20220428T023539_026856_N04.00,UINT16,S2MSI1C,JPEG2000,LEVEL-1C,S2B_OPER_MSI_L1C_DS_2BPS_20220428T043220_S20220428T024721_N04.00,WGS84,UTM,50N,32650,10  20  60,METER,18.0346107622062,113.3566516174610,10000,Y,22°05'32.59"N,119°28'12.45"E,22°35'42.91"N,118°56'42.59"E,22°34'43.59"N,120°00'44.42"E,21°35'17.37"N,119°59'28.98"E,21°36'13.82"N,118°55'53.82"E,22.0923866,119.4701258,22.5952529,118.9451638,22.5787754,120.0123391,21.5881579,119.991383,21.60384,118.9316174,L1C_T50QQK_A026856_20220428T024721,17602785
L1C_T50QPK_A026856_20220428T024721,2022-04-28T02:47:21.366Z,2022-04-28T02:54:55.945Z,T50QPK,12.84807,ESA,SENTINEL-2B,2BPS,L1C_T50QPK_A026856_20220428T024721,89,Descending Orbit,04.00,2022-04-28T04:32:20.000000Z,S2B_MSIL1C_20220428T023539_N0400_R089_T50QPK_20220428T043220,2BPS,INS-NOBS,GS2B_20220428T023539_026856_N04.00,UINT16,S2MSI1C,JPEG2000,LEVEL-1C,S2B_OPER_MSI_L1C_DS_2BPS_20220428T043220_S20220428T024721_N04.00,WGS84,UTM,50N,32650,10  20  60,METER,18.8578916414866,112.0029026766100,10000,Y,22°06'14.97"N,118°30'05.91"E,22°36'14.72"N,117°58'22.58"E,22°35'38.63"N,119°02'27.02"E,21°36'09.76"N,119°01'35.86"E,21°36'44.10"N,117°57'58.17"E,22.1041598,118.5016409,22.6040892,117.972938,22.5940651,119.0408395,21.6027096,119.0266278,21.6122496,117.9661585,L1C_T50QPK_A026856_20220428T024721,17698067
L1C_T50QPL_A026856_20220428T024721,2022-04-28T02:47:21.366Z,2022-04-28T02:54:55.945Z,T50QPL,21.38607,ESA,SENTINEL-2B,2BPS,L1C_T50QPL_A026856_20220428T024721,89,Descending Orbit,04.00,2022-04-28T04:32:20.000000Z,S2B_MSIL1C_20220428T023539_N0400_R089_T50QPL_20220428T043220,2BPS,INS-NOBS,GS2B_20220428T023539_026856_N04.00,UINT16,S2MSI1C,JPEG2000,LEVEL-1C,S2B_OPER_MSI_L1C_DS_2BPS_20220428T043220_S20220428T024721_N04.00,WGS84,UTM,50N,32650,10  20  60,METER,19.2569347166650,114.3339019021700,10000,Y,23°00'26.72"N,118°30'41.23"E,23°30'26.91"N,117°58'46.03"E,23°29'49.22"N,119°03'16.18"E,22°30'20.77"N,119°02'22.35"E,22°30'56.70"N,117°58'20.35"E,23.0074215,118.511452,23.5074763,117.9794527,23.4970055,119.0544957,22.5057693,119.0395409,22.51575,117.9723185,L1C_T50QPL_A026856_20220428T024721,17699102
L1C_T50QQK_A035793_20220430T023828,2022-04-30T02:38:28.487Z,2022-04-30T02:50:33.650Z,T50QQK,28.89086,ESA,SENTINEL-2A,ATOS,L1C_T50QQK_A035793_20220430T023828,46,Descending Orbit,04.00,2022-04-30T05:07:32.000000Z,S2A_MSIL1C_20220430T022551_N0400_R046_T50QQK_20220430T050732,ATOS,INS-NOBS,GS2A_20220430T022551_035793_N04.00,UINT16,S2MSI1C,JPEG2000,LEVEL-1C,S2A_OPER_MSI_L1C_DS_ATOS_20220430T050732_S20220430T023828_N04.00,WGS84,UTM,50N,32650,10  20  60,METER,19.8065809588507,108.4693624091500,10000,Y,22°05'32.59"N,119°28'12.45"E,22°35'42.91"N,118°56'42.59"E,22°34'43.59"N,120°00'44.42"E,21°35'17.37"N,119°59'28.98"E,21°36'13.82"N,118°55'53.82"E,22.0923866,119.4701258,22.5952529,118.9451638,22.5787754,120.0123391,21.5881579,119.991383,21.60384,118.9316174,L1C_T50QQK_A035793_20220430T023828,17670698
L1C_T50QQK_A035936_20220510T023613,2022-05-10T02:36:13.994Z,2022-05-10T02:43:23.319Z,T50QQK,27.81597,ESA,SENTINEL-2A,ATOS,L1C_T50QQK_A035936_20220510T023613,46,Descending Orbit,04.00,2022-05-10T04:17:58.000000Z,S2A_MSIL1C_20220510T022551_N0400_R046_T50QQK_20220510T041758,ATOS,INS-NOBS,GS2A_20220510T022551_035936_N04.00,UINT16,S2MSI1C,JPEG2000,LEVEL-1C,S2A_OPER_MSI_L1C_DS_ATOS_20220510T041758_S20220510T023613_N04.00,WGS84,UTM,50N,32650,10  20  60,METER,18.6016812620658,100.5673500303120,10000,Y,22°05'32.59"N,119°28'12.45"E,22°35'42.91"N,118°56'42.59"E,22°34'43.59"N,120°00'44.42"E,21°35'17.37"N,119°59'28.98"E,21°36'13.82"N,118°55'53.82"E,22.0923866,119.4701258,22.5952529,118.9451638,22.5787754,120.0123391,21.5881579,119.991383,21.60384,118.9316174,L1C_T50QQK_A035936_20220510T023613,17766885
L1C_T50QPL_A027142_20220518T024905,2022-05-18T02:49:05.773Z,2022-05-18T03:00:24.034Z,T50QPL,28.26564,ESA,SENTINEL-2B,2BPS,L1C_T50QPL_A027142_20220518T024905,89,Descending Orbit,04.00,2022-05-18T04:58:16.000000Z,S2B_MSIL1C_20220518T023549_N0400_R089_T50QPL_20220518T045816,2BPS,INS-NOBS,GS2B_20220518T023549_027142_N04.00,UINT16,S2MSI1C,JPEG2000,LEVEL-1C,S2B_OPER_MSI_L1C_DS_2BPS_20220518T045816_S20220518T024905_N04.00,WGS84,UTM,50N,32650,10  20  60,METER,16.8848520639666,98.5491445389214,10000,Y,23°00'26.72"N,118°30'41.23"E,23°30'26.91"N,117°58'46.03"E,23°29'49.22"N,119°03'16.18"E,22°30'20.77"N,119°02'22.35"E,22°30'56.70"N,117°58'20.35"E,23.0074215,118.511452,23.5074763,117.9794527,23.4970055,119.0544957,22.5057693,119.0395409,22.51575,117.9723185,L1C_T50QPL_A027142_20220518T024905,17801150
L1C_T50QQL_A036079_20220520T023829,2022-05-20T02:38:29.480Z,2022-05-20T02:50:31.034Z,T50QQL,25.59949,ESA,SENTINEL-2A,ATOS,L1C_T50QQL_A036079_20220520T023829,46,Descending Orbit,04.00,2022-05-20T04:46:05.000000Z,S2A_MSIL1C_20220520T022601_N0400_R046_T50QQL_20220520T044605,ATOS,INS-NOBS,GS2A_20220520T022601_036079_N04.00,UINT16,S2MSI1C,JPEG2000,LEVEL-1C,S2A_OPER_MSI_L1C_DS_ATOS_20220520T044605_S20220520T023829_N04.00,WGS84,UTM,50N,32650,10  20  60,METER,18.1669775157758,95.9773813125002,10000,Y,22°59'42.41"N,119°29'10.51"E,23°29'53.69"N,118°57'29.45"E,23°28'51.72"N,120°01'56.91"E,22°29'25.96"N,120°00'37.53"E,22°30'25.03"N,118°56'38.13"E,22.9951143,119.4862518,23.4982462,118.9581809,23.4810344,120.0324758,22.4905457,120.0104242,22.5069519,118.943926,L1C_T50QQL_A036079_20220520T023829,17900148
L1C_T50QQK_A036222_20220530T023831,2022-05-30T02:38:31.480Z,2022-05-30T02:50:33.034Z,T50QQK,23.41948,ESA,SENTINEL-2A,ATOS,L1C_T50QQK_A036222_20220530T023831,46,Descending Orbit,04.00,2022-05-30T04:46:09.000000Z,S2A_MSIL1C_20220530T022601_N0400_R046_T50QQK_20220530T044609,ATOS,INS-NOBS,GS2A_20220530T022601_036222_N04.00,UINT16,S2MSI1C,JPEG2000,LEVEL-1C,S2A_OPER_MSI_L1C_DS_ATOS_20220530T044609_S20220530T023831_N04.00,WGS84,UTM,50N,32650,10  20  60,METER,18.0424187070227,87.4021047050221,10000,Y,22°05'32.59"N,119°28'12.45"E,22°35'42.91"N,118°56'42.59"E,22°34'43.59"N,120°00'44.42"E,21°35'17.37"N,119°59'28.98"E,21°36'13.82"N,118°55'53.82"E,22.0923866,119.4701258,22.5952529,118.9451638,22.5787754,120.0123391,21.5881579,119.991383,21.60384,118.9316174,L1C_T50QQK_A036222_20220530T023831,18066641
L1C_T50QQL_A036265_20220602T024902,2022-06-02T02:49:02.954Z,2022-06-02T02:59:12.668Z,T50QQL,28.40767,ESA,SENTINEL-2A,ATOS,L1C_T50QQL_A036265_20220602T024902,89,Descending Orbit,04.00,2022-06-02T06:13:04.000000Z,S2A_MSIL1C_20220602T023601_N0400_R089_T50QQL_20220602T061304,ATOS,INS-NOBS,GS2A_20220602T023601_036265_N04.00,UINT16,S2MSI1C,JPEG2000,LEVEL-1C,S2A_OPER_MSI_L1C_DS_ATOS_20220602T061304_S20220602T024902_N04.00,WGS84,UTM,50N,32650,10  20  60,METER,15.8266685345469,89.6417790395344,10000,Y,22°59'42.41"N,119°29'10.51"E,23°29'53.69"N,118°57'29.45"E,23°28'51.72"N,120°01'56.91"E,22°29'25.96"N,120°00'37.53"E,22°30'25.03"N,118°56'38.13"E,22.9951143,119.4862518,23.4982462,118.9581809,23.4810344,120.0324758,22.4905457,120.0104242,22.5069519,118.943926,L1C_T50QQL_A036265_20220602T024902,18116427
L1C_T50QQL_A036508_20220619T023815,2022-06-19T02:38:15.485Z,2022-06-19T02:50:38.686Z,T50QQL,21.74575,ESA,SENTINEL-2A,ATOS,L1C_T50QQL_A036508_20220619T023815,46,Descending Orbit,04.00,2022-06-19T04:46:13.000000Z,S2A_MSIL1C_20220619T022541_N0400_R046_T50QQL_20220619T044613,ATOS,INS-NOBS,GS2A_20220619T022541_036508_N04.00,UINT16,S2MSI1C,JPEG2000,LEVEL-1C,S2A_OPER_MSI_L1C_DS_ATOS_20220619T044613_S20220619T023815_N04.00,WGS84,UTM,50N,32650,10  20  60,METER,18.7693059963595,84.6519003129237,10000,Y,22°59'42.41"N,119°29'10.51"E,23°29'53.69"N,118°57'29.45"E,23°28'51.72"N,120°01'56.91"E,22°29'25.96"N,120°00'37.53"E,22°30'25.03"N,118°56'38.13"E,22.9951143,119.4862518,23.4982462,118.9581809,23.4810344,120.0324758,22.4905457,120.0104242,22.5069519,118.943926,L1C_T50QQL_A036508_20220619T023815,18383676
L1C_T50QQL_A027671_20220624T023819,2022-06-24T02:38:19.305Z,2022-06-24T02:50:31.683Z,T50QQL,4.20610,ESA,SENTINEL-2B,2BPS,L1C_T50QQL_A027671_20220624T023819,46,Descending Orbit,04.00,2022-06-24T04:49:25.000000Z,S2B_MSIL1C_20220624T022539_N0400_R046_T50QQL_20220624T044925,2BPS,INS-NOBS,GS2B_20220624T022539_027671_N04.00,UINT16,S2MSI1C,JPEG2000,LEVEL-1C,S2B_OPER_MSI_L1C_DS_2BPS_20220624T044925_S20220624T023819_N04.00,WGS84,UTM,50N,32650,10  20  60,METER,19.0443879279669,84.6344365418941,10000,Y,22°59'42.41"N,119°29'10.51"E,23°29'53.69"N,118°57'29.45"E,23°28'51.72"N,120°01'56.91"E,22°29'25.96"N,120°00'37.53"E,22°30'25.03"N,118°56'38.13"E,22.9951143,119.4862518,23.4982462,118.9581809,23.4810344,120.0324758,22.4905457,120.0104242,22.5069519,118.943926,L1C_T50QQL_A027671_20220624T023819,18460253
L1C_T50QQL_A027857_20220707T024849,2022-07-07T02:48:49.778Z,2022-07-07T03:00:29.685Z,T50QQL,9.97740,ESA,SENTINEL-2B,2BPS,L1C_T50QQL_A027857_20220707T024849,89,Descending Orbit,04.00,2022-07-07T04:58:34.000000Z,S2B_MSIL1C_20220707T023529_N0400_R089_T50QQL_20220707T045834,2BPS,INS-NOBS,GS2B_20220707T023529_027857_N04.00,UINT16,S2MSI1C,JPEG2000,LEVEL-1C,S2B_OPER_MSI_L1C_DS_2BPS_20220707T045834_S20220707T024849_N04.00,WGS84,UTM,50N,32650,10  20  60,METER,17.3960238775412,87.6242540692282,10000,Y,22°59'42.41"N,119°29'10.51"E,23°29'53.69"N,118°57'29.45"E,23°28'51.72"N,120°01'56.91"E,22°29'25.96"N,120°00'37.53"E,22°30'25.03"N,118°56'38.13"E,22.9951143,119.4862518,23.4982462,118.9581809,23.4810344,120.0324758,22.4905457,120.0104242,22.5069519,118.943926,L1C_T50QQL_A027857_20220707T024849,18647832
L1C_T50QPL_A027857_20220707T024849,2022-07-07T02:48:49.778Z,2022-07-07T03:00:29.685Z,T50QPL,2.82391,ESA,SENTINEL-2B,2BPS,L1C_T50QPL_A027857_20220707T024849,89,Descending Orbit,04.00,2022-07-07T04:58:34.000000Z,S2B_MSIL1C_20220707T023529_N0400_R089_T50QPL_20220707T045834,2BPS,INS-NOBS,GS2B_20220707T023529_027857_N04.00,UINT16,S2MSI1C,JPEG2000,LEVEL-1C,S2B_OPER_MSI_L1C_DS_2BPS_20220707T045834_S20220707T024849_N04.00,WGS84,UTM,50N,32650,10  20  60,METER,18.2820396070199,87.4054190426310,10000,Y,23°00'26.72"N,118°30'41.23"E,23°30'26.91"N,117°58'46.03"E,23°29'49.22"N,119°03'16.18"E,22°30'20.77"N,119°02'22.35"E,22°30'56.70"N,117°58'20.35"E,23.0074215,118.511452,23.5074763,117.9794527,23.4970055,119.0544957,22.5057693,119.0395409,22.51575,117.9723185,L1C_T50QPL_A027857_20220707T024849,18648750
L1C_T50QQK_A036794_20220709T023836,2022-07-09T02:38:36.480Z,2022-07-09T02:50:38.035Z,T50QQK,5.49918,ESA,SENTINEL-2A,ATOS,L1C_T50QQK_A036794_20220709T023836,46,Descending Orbit,04.00,2022-07-09T04:44:08.000000Z,S2A_MSIL1C_20220709T022601_N0400_R046_T50QQK_20220709T044408,ATOS,INS-NOBS,GS2A_20220709T022601_036794_N04.00,UINT16,S2MSI1C,JPEG2000,LEVEL-1C,S2A_OPER_MSI_L1C_DS_ATOS_20220709T044408_S20220709T023836_N04.00,WGS84,UTM,50N,32650,10  20  60,METER,19.7618074825575,85.1269190481438,10000,Y,22°05'32.59"N,119°28'12.45"E,22°35'42.91"N,118°56'42.59"E,22°34'43.59"N,120°00'44.42"E,21°35'17.37"N,119°59'28.98"E,21°36'13.82"N,118°55'53.82"E,22.0923866,119.4701258,22.5952529,118.9451638,22.5787754,120.0123391,21.5881579,119.991383,21.60384,118.9316174,L1C_T50QQK_A036794_20220709T023836,18682069
L1C_T50QQL_A036794_20220709T023836,2022-07-09T02:38:36.480Z,2022-07-09T02:50:38.035Z,T50QQL,2.64247,ESA,SENTINEL-2A,ATOS,L1C_T50QQL_A036794_20220709T023836,46,Descending Orbit,04.00,2022-07-09T04:44:08.000000Z,S2A_MSIL1C_20220709T022601_N0400_R046_T50QQL_20220709T044408,ATOS,INS-NOBS,GS2A_20220709T022601_036794_N04.00,UINT16,S2MSI1C,JPEG2000,LEVEL-1C,S2A_OPER_MSI_L1C_DS_ATOS_20220709T044408_S20220709T023836_N04.00,WGS84,UTM,50N,32650,10  20  60,METER,19.7464099886450,87.6262345830148,10000,Y,22°59'42.41"N,119°29'10.51"E,23°29'53.69"N,118°57'29.45"E,23°28'51.72"N,120°01'56.91"E,22°29'25.96"N,120°00'37.53"E,22°30'25.03"N,118°56'38.13"E,22.9951143,119.4862518,23.4982462,118.9581809,23.4810344,120.0324758,22.4905457,120.0104242,22.5069519,118.943926,L1C_T50QQL_A036794_20220709T023836,18682418
L1C_T50QQK_A036837_20220712T024846,2022-07-12T02:48:46.958Z,2022-07-12T03:00:37.689Z,T50QQK,1.74600,ESA,SENTINEL-2A,ATOS,L1C_T50QQK_A036837_20220712T024846,89,Descending Orbit,04.00,2022-07-12T05:55:50.000000Z,S2A_MSIL1C_20220712T023541_N0400_R089_T50QQK_20220712T055550,ATOS,INS-NOBS,GS2A_20220712T023541_036837_N04.00,UINT16,S2MSI1C,JPEG2000,LEVEL-1C,S2A_OPER_MSI_L1C_DS_ATOS_20220712T055550_S20220712T024846_N04.00,WGS84,UTM,50N,32650,10  20  60,METER,17.5826232657635,86.7704434483780,10000,Y,22°05'32.59"N,119°28'12.45"E,22°35'42.91"N,118°56'42.59"E,22°34'43.59"N,120°00'44.42"E,21°35'17.37"N,119°59'28.98"E,21°36'13.82"N,118°55'53.82"E,22.0923866,119.4701258,22.5952529,118.9451638,22.5787754,120.0123391,21.5881579,119.991383,21.60384,118.9316174,L1C_T50QQK_A036837_20220712T024846,18731288
L1C_T50QPK_A036837_20220712T024846,2022-07-12T02:48:46.958Z,2022-07-12T03:00:37.689Z,T50QPK,3.27400,ESA,SENTINEL-2A,ATOS,L1C_T50QPK_A036837_20220712T024846,89,Descending Orbit,04.00,2022-07-12T05:55:50.000000Z,S2A_MSIL1C_20220712T023541_N0400_R089_T50QPK_20220712T055550,ATOS,INS-NOBS,GS2A_20220712T023541_036837_N04.00,UINT16,S2MSI1C,JPEG2000,LEVEL-1C,S2A_OPER_MSI_L1C_DS_ATOS_20220712T055550_S20220712T024846_N04.00,WGS84,UTM,50N,32650,10  20  60,METER,18.4677840350648,86.6039674639718,10000,Y,22°06'14.97"N,118°30'05.91"E,22°36'14.72"N,117°58'22.58"E,22°35'38.63"N,119°02'27.02"E,21°36'09.76"N,119°01'35.86"E,21°36'44.10"N,117°57'58.17"E,22.1041598,118.5016409,22.6040892,117.972938,22.5940651,119.0408395,21.6027096,119.0266278,21.6122496,117.9661585,L1C_T50QPK_A036837_20220712T024846,18731447
L1C_T50QPL_A036837_20220712T024846,2022-07-12T02:48:46.958Z,2022-07-12T03:00:37.689Z,T50QPL,4.29646,ESA,SENTINEL-2A,ATOS,L1C_T50QPL_A036837_20220712T024846,89,Descending Orbit,04.00,2022-07-12T05:55:50.000000Z,S2A_MSIL1C_20220712T023541_N0400_R089_T50QPL_20220712T055550,ATOS,INS-NOBS,GS2A_20220712T023541_036837_N04.00,UINT16,S2MSI1C,JPEG2000,LEVEL-1C,S2A_OPER_MSI_L1C_DS_ATOS_20220712T055550_S20220712T024846_N04.00,WGS84,UTM,50N,32650,10  20  60,METER,18.4828114692639,89.2917608901662,10000,Y,23°00'26.72"N,118°30'41.23"E,23°30'26.91"N,117°58'46.03"E,23°29'49.22"N,119°03'16.18"E,22°30'20.77"N,119°02'22.35"E,22°30'56.70"N,117°58'20.35"E,23.0074215,118.511452,23.5074763,117.9794527,23.4970055,119.0544957,22.5057693,119.0395409,22.51575,117.9723185,L1C_T50QPL_A036837_20220712T024846,18731782
L1C_T50QQL_A036837_20220712T024846,2022-07-12T02:48:46.958Z,2022-07-12T03:00:37.689Z,T50QQL,3.25815,ESA,SENTINEL-2A,ATOS,L1C_T50QQL_A036837_20220712T024846,89,Descending Orbit,04.00,2022-07-12T05:55:50.000000Z,S2A_MSIL1C_20220712T023541_N0400_R089_T50QQL_20220712T055550,ATOS,INS-NOBS,GS2A_20220712T023541_036837_N04.00,UINT16,S2MSI1C,JPEG2000,LEVEL-1C,S2A_OPER_MSI_L1C_DS_ATOS_20220712T055550_S20220712T024846_N04.00,WGS84,UTM,50N,32650,10  20  60,METER,17.5955776558092,89.6043600911348,10000,Y,22°59'42.41"N,119°29'10.51"E,23°29'53.69"N,118°57'29.45"E,23°28'51.72"N,120°01'56.91"E,22°29'25.96"N,120°00'37.53"E,22°30'25.03"N,118°56'38.13"E,22.9951143,119.4862518,23.4982462,118.9581809,23.4810344,120.0324758,22.4905457,120.0104242,22.5069519,118.943926,L1C_T50QQL_A036837_20220712T024846,18732356
L1C_T50QQL_A036980_20220722T024845,2022-07-22T02:48:45.954Z,2022-07-22T03:00:33.078Z,T50QQL,1.48951,ESA,SENTINEL-2A,ATOS,L1C_T50QQL_A036980_20220722T024845,89,Descending Orbit,04.00,2022-07-22T04:56:24.000000Z,S2A_MSIL1C_20220722T023541_N0400_R089_T50QQL_20220722T045624,ATOS,INS-NOBS,GS2A_20220722T023541_036980_N04.00,UINT16,S2MSI1C,JPEG2000,LEVEL-1C,S2A_OPER_MSI_L1C_DS_ATOS_20220722T045624_S20220722T024845_N04.00,WGS84,UTM,50N,32650,10  20  60,METER,18.0747866277649,94.9329308665798,10000,Y,22°59'42.41"N,119°29'10.51"E,23°29'53.69"N,118°57'29.45"E,23°28'51.72"N,120°01'56.91"E,22°29'25.96"N,120°00'37.53"E,22°30'25.03"N,118°56'38.13"E,22.9951143,119.4862518,23.4982462,118.9581809,23.4810344,120.0324758,22.4905457,120.0104242,22.5069519,118.943926,L1C_T50QQL_A036980_20220722T024845,18873261
L1C_T50QPL_A036980_20220722T024845,2022-07-22T02:48:45.954Z,2022-07-22T03:00:33.078Z,T50QPL,1.19224,ESA,SENTINEL-2A,ATOS,L1C_T50QPL_A036980_20220722T024845,89,Descending Orbit,04.00,2022-07-22T04:56:24.000000Z,S2A_MSIL1C_20220722T023541_N0400_R089_T50QPL_20220722T045624,ATOS,INS-NOBS,GS2A_20220722T023541_036980_N04.00,UINT16,S2MSI1C,JPEG2000,LEVEL-1C,S2A_OPER_MSI_L1C_DS_ATOS_20220722T045624_S20220722T024845_N04.00,WGS84,UTM,50N,32650,10  20  60,METER,18.9602638875433,94.3778128479247,10000,Y,23°00'26.72"N,118°30'41.23"E,23°30'26.91"N,117°58'46.03"E,23°29'49.22"N,119°03'16.18"E,22°30'20.77"N,119°02'22.35"E,22°30'56.70"N,117°58'20.35"E,23.0074215,118.511452,23.5074763,117.9794527,23.4970055,119.0544957,22.5057693,119.0395409,22.51575,117.9723185,L1C_T50QPL_A036980_20220722T024845,18874049
L1C_T50QQK_A036980_20220722T024845,2022-07-22T02:48:45.954Z,2022-07-22T03:00:33.078Z,T50QQK,2.92679,ESA,SENTINEL-2A,ATOS,L1C_T50QQK_A036980_20220722T024845,89,Descending Orbit,04.00,2022-07-22T04:56:24.000000Z,S2A_MSIL1C_20220722T023541_N0400_R089_T50QQK_20220722T045624,ATOS,INS-NOBS,GS2A_20220722T023541_036980_N04.00,UINT16,S2MSI1C,JPEG2000,LEVEL-1C,S2A_OPER_MSI_L1C_DS_ATOS_20220722T045624_S20220722T024845_N04.00,WGS84,UTM,50N,32650,10  20  60,METER,17.9772599608379,92.1887023279077,10000,Y,22°05'32.59"N,119°28'12.45"E,22°35'42.91"N,118°56'42.59"E,22°34'43.59"N,120°00'44.42"E,21°35'17.37"N,119°59'28.98"E,21°36'13.82"N,118°55'53.82"E,22.0923866,119.4701258,22.5952529,118.9451638,22.5787754,120.0123391,21.5881579,119.991383,21.60384,118.9316174,L1C_T50QQK_A036980_20220722T024845,18874195
L1C_T50QPK_A036980_20220722T024845,2022-07-22T02:48:45.954Z,2022-07-22T03:00:33.078Z,T50QPK,6.85318,ESA,SENTINEL-2A,ATOS,L1C_T50QPK_A036980_20220722T024845,89,Descending Orbit,04.00,2022-07-22T04:56:24.000000Z,S2A_MSIL1C_20220722T023541_N0400_R089_T50QPK_20220722T045624,ATOS,INS-NOBS,GS2A_20220722T023541_036980_N04.00,UINT16,S2MSI1C,JPEG2000,LEVEL-1C,S2A_OPER_MSI_L1C_DS_ATOS_20220722T045624_S20220722T024845_N04.00,WGS84,UTM,50N,32650,10  20  60,METER,18.8644718722923,91.7717285383794,10000,Y,22°06'14.97"N,118°30'05.91"E,22°36'14.72"N,117°58'22.58"E,22°35'38.63"N,119°02'27.02"E,21°36'09.76"N,119°01'35.86"E,21°36'44.10"N,117°57'58.17"E,22.1041598,118.5016409,22.6040892,117.972938,22.5940651,119.0408395,21.6027096,119.0266278,21.6122496,117.9661585,L1C_T50QPK_A036980_20220722T024845,18874372
L1C_T50QQL_A028100_20220724T023819,2022-07-24T02:38:19.304Z,2022-07-24T02:50:31.682Z,T50QQL,3.79500,ESA,SENTINEL-2B,2BPS,L1C_T50QQL_A028100_20220724T023819,46,Descending Orbit,04.00,2022-07-24T04:55:10.000000Z,S2B_MSIL1C_20220724T022539_N0400_R046_T50QQL_20220724T045510,2BPS,INS-NOBS,GS2B_20220724T022539_028100_N04.00,UINT16,S2MSI1C,JPEG2000,LEVEL-1C,S2B_OPER_MSI_L1C_DS_2BPS_20220724T045510_S20220724T023819_N04.00,WGS84,UTM,50N,32650,10  20  60,METER,20.4820030549535,94.5941895173408,10000,Y,22°59'42.41"N,119°29'10.51"E,23°29'53.69"N,118°57'29.45"E,23°28'51.72"N,120°01'56.91"E,22°29'25.96"N,120°00'37.53"E,22°30'25.03"N,118°56'38.13"E,22.9951143,119.4862518,23.4982462,118.9581809,23.4810344,120.0324758,22.4905457,120.0104242,22.5069519,118.943926,L1C_T50QQL_A028100_20220724T023819,18907124
L1C_T50QQK_A028100_20220724T023819,2022-07-24T02:38:19.304Z,2022-07-24T02:50:31.682Z,T50QQK,10.63477,ESA,SENTINEL-2B,2BPS,L1C_T50QQK_A028100_20220724T023819,46,Descending Orbit,04.00,2022-07-24T04:55:10.000000Z,S2B_MSIL1C_20220724T022539_N0400_R046_T50QQK_20220724T045510,2BPS,INS-NOBS,GS2B_20220724T022539_028100_N04.00,UINT16,S2MSI1C,JPEG2000,LEVEL-1C,S2B_OPER_MSI_L1C_DS_2BPS_20220724T045510_S20220724T023819_N04.00,WGS84,UTM,50N,32650,10  20  60,METER,20.3868249621192,92.1990111204198,10000,Y,22°05'32.59"N,119°28'12.45"E,22°35'42.91"N,118°56'42.59"E,22°34'43.59"N,120°00'44.42"E,21°35'17.37"N,119°59'28.98"E,21°36'13.82"N,118°55'53.82"E,22.0923866,119.4701258,22.5952529,118.9451638,22.5787754,120.0123391,21.5881579,119.991383,21.60384,118.9316174,L1C_T50QQK_A028100_20220724T023819,18907243
L1C_T50QQL_A028143_20220727T024849,2022-07-27T02:48:49.780Z,2022-07-27T03:00:29.688Z,T50QQL,14.92394,ESA,SENTINEL-2B,2BPS,L1C_T50QQL_A028143_20220727T024849,89,Descending Orbit,04.00,2022-07-27T05:00:15.000000Z,S2B_MSIL1C_20220727T023529_N0400_R089_T50QQL_20220727T050015,2BPS,INS-NOBS,GS2B_20220727T023529_028143_N04.00,UINT16,S2MSI1C,JPEG2000,LEVEL-1C,S2B_OPER_MSI_L1C_DS_2BPS_20220727T050015_S20220727T024849_N04.00,WGS84,UTM,50N,32650,10  20  60,METER,18.3674437165720,98.1970667844811,10000,Y,22°59'42.41"N,119°29'10.51"E,23°29'53.69"N,118°57'29.45"E,23°28'51.72"N,120°01'56.91"E,22°29'25.96"N,120°00'37.53"E,22°30'25.03"N,118°56'38.13"E,22.9951143,119.4862518,23.4982462,118.9581809,23.4810344,120.0324758,22.4905457,120.0104242,22.5069519,118.943926,L1C_T50QQL_A028143_20220727T024849,18954642
L1C_T50QPL_A028143_20220727T024849,2022-07-27T02:48:49.780Z,2022-07-27T03:00:29.688Z,T50QPL,1.34919,ESA,SENTINEL-2B,2BPS,L1C_T50QPL_A028143_20220727T024849,89,Descending Orbit,04.00,2022-07-27T05:00:15.000000Z,S2B_MSIL1C_20220727T023529_N0400_R089_T50QPL_20220727T050015,2BPS,INS-NOBS,GS2B_20220727T023529_028143_N04.00,UINT16,S2MSI1C,JPEG2000,LEVEL-1C,S2B_OPER_MSI_L1C_DS_2BPS_20220727T050015_S20220727T024849_N04.00,WGS84,UTM,50N,32650,10  20  60,METER,19.2482104633718,97.5003208387422,10000,Y,23°00'26.72"N,118°30'41.23"E,23°30'26.91"N,117°58'46.03"E,23°29'49.22"N,119°03'16.18"E,22°30'20.77"N,119°02'22.35"E,22°30'56.70"N,117°58'20.35"E,23.0074215,118.511452,23.5074763,117.9794527,23.4970055,119.0544957,22.5057693,119.0395409,22.51575,117.9723185,L1C_T50QPL_A028143_20220727T024849,18955661
L1C_T50QQL_A037080_20220729T023813,2022-07-29T02:38:13.485Z,2022-07-29T02:50:36.686Z,T50QQL,0.95261,ESA,SENTINEL-2A,ATOS,L1C_T50QQL_A037080_20220729T023813,46,Descending Orbit,04.00,2022-07-29T04:43:31.000000Z,S2A_MSIL1C_20220729T022541_N0400_R046_T50QQL_20220729T044331,ATOS,INS-NOBS,GS2A_20220729T022541_037080_N04.00,UINT16,S2MSI1C,JPEG2000,LEVEL-1C,S2A_OPER_MSI_L1C_DS_ATOS_20220729T044331_S20220729T023813_N04.00,WGS84,UTM,50N,32650,10  20  60,METER,20.7330679886193,97.6809450622418,10000,Y,22°59'42.41"N,119°29'10.51"E,23°29'53.69"N,118°57'29.45"E,23°28'51.72"N,120°01'56.91"E,22°29'25.96"N,120°00'37.53"E,22°30'25.03"N,118°56'38.13"E,22.9951143,119.4862518,23.4982462,118.9581809,23.4810344,120.0324758,22.4905457,120.0104242,22.5069519,118.943926,L1C_T50QQL_A037080_20220729T023813,18986253
L1C_T50QQK_A028286_20220806T024849,2022-08-06T02:48:49.776Z,2022-08-06T03:00:26.076Z,T50QQK,27.14568,ESA,SENTINEL-2B,2BPS,L1C_T50QQK_A028286_20220806T024849,89,Descending Orbit,04.00,2022-08-06T05:13:55.000000Z,S2B_MSIL1C_20220806T023529_N0400_R089_T50QQK_20220806T051355,2BPS,INS-NOBS,GS2B_20220806T023529_028286_N04.00,UINT16,S2MSI1C,JPEG2000,LEVEL-1C,S2B_OPER_MSI_L1C_DS_2BPS_20220806T051355_S20220806T024849_N04.00,WGS84,UTM,50N,32650,10  20  60,METER,18.7794501842905,103.2435940686020,10000,Y,22°05'32.59"N,119°28'12.45"E,22°35'42.91"N,118°56'42.59"E,22°34'43.59"N,120°00'44.42"E,21°35'17.37"N,119°59'28.98"E,21°36'13.82"N,118°55'53.82"E,22.0923866,119.4701258,22.5952529,118.9451638,22.5787754,120.0123391,21.5881579,119.991383,21.60384,118.9316174,L1C_T50QQK_A028286_20220806T024849,19110763
L1C_T50QQL_A037223_20220808T023815,2022-08-08T02:38:15.480Z,2022-08-08T02:50:38.681Z,T50QQL,6.75082,ESA,SENTINEL-2A,ATOS,L1C_T50QQL_A037223_20220808T023815,46,Descending Orbit,04.00,2022-08-08T04:47:36.000000Z,S2A_MSIL1C_20220808T022541_N0400_R046_T50QQL_20220808T044736,ATOS,INS-NOBS,GS2A_20220808T022541_037223_N04.00,UINT16,S2MSI1C,JPEG2000,LEVEL-1C,S2A_OPER_MSI_L1C_DS_ATOS_20220808T044736_S20220808T023815_N04.00,WGS84,UTM,50N,32650,10  20  60,METER,21.3854037700022,104.7258227950580,10000,Y,22°59'42.41"N,119°29'10.51"E,23°29'53.69"N,118°57'29.45"E,23°28'51.72"N,120°01'56.91"E,22°29'25.96"N,120°00'37.53"E,22°30'25.03"N,118°56'38.13"E,22.9951143,119.4862518,23.4982462,118.9581809,23.4810344,120.0324758,22.4905457,120.0104242,22.5069519,118.943926,L1C_T50QQL_A037223_20220808T023815,19143113
L1C_T50QPL_A037266_20220811T024907,2022-08-11T02:49:07.955Z,2022-08-11T02:59:17.668Z,T50QPL,11.58840,ESA,SENTINEL-2A,ATOS,L1C_T50QPL_A037266_20220811T024907,89,Descending Orbit,04.00,2022-08-11T06:11:25.000000Z,S2A_MSIL1C_20220811T023601_N0400_R089_T50QPL_20220811T061125,ATOS,INS-NOBS,GS2A_20220811T023601_037266_N04.00,UINT16,S2MSI1C,JPEG2000,LEVEL-1C,S2A_OPER_MSI_L1C_DS_ATOS_20220811T061125_S20220811T024907_N04.00,WGS84,UTM,50N,32650,10  20  60,METER,20.2969778023216,108.7794292675390,10000,Y,23°00'26.72"N,118°30'41.23"E,23°30'26.91"N,117°58'46.03"E,23°29'49.22"N,119°03'16.18"E,22°30'20.77"N,119°02'22.35"E,22°30'56.70"N,117°58'20.35"E,23.0074215,118.511452,23.5074763,117.9794527,23.4970055,119.0544957,22.5057693,119.0395409,22.51575,117.9723185,L1C_T50QPL_A037266_20220811T024907,19183783
L1C_T50QQL_A037266_20220811T024907,2022-08-11T02:49:07.955Z,2022-08-11T02:59:17.668Z,T50QQL,2.97503,ESA,SENTINEL-2A,ATOS,L1C_T50QQL_A037266_20220811T024907,89,Descending Orbit,04.00,2022-08-11T06:11:25.000000Z,S2A_MSIL1C_20220811T023601_N0400_R089_T50QQL_20220811T061125,ATOS,INS-NOBS,GS2A_20220811T023601_037266_N04.00,UINT16,S2MSI1C,JPEG2000,LEVEL-1C,S2A_OPER_MSI_L1C_DS_ATOS_20220811T061125_S20220811T024907_N04.00,WGS84,UTM,50N,32650,10  20  60,METER,19.4556212686496,109.9378557505750,10000,Y,22°59'42.41"N,119°29'10.51"E,23°29'53.69"N,118°57'29.45"E,23°28'51.72"N,120°01'56.91"E,22°29'25.96"N,120°00'37.53"E,22°30'25.03"N,118°56'38.13"E,22.9951143,119.4862518,23.4982462,118.9581809,23.4810344,120.0324758,22.4905457,120.0104242,22.5069519,118.943926,L1C_T50QQL_A037266_20220811T024907,19184058
L1C_T50QQK_A028386_20220813T023817,2022-08-13T02:38:17.304Z,2022-08-13T02:50:29.681Z,T50QQK,7.70636,ESA,SENTINEL-2B,2BPS,L1C_T50QQK_A028386_20220813T023817,46,Descending Orbit,04.00,2022-08-13T04:52:15.000000Z,S2B_MSIL1C_20220813T022529_N0400_R046_T50QQK_20220813T045215,2BPS,INS-NOBS,GS2B_20220813T022529_028386_N04.00,UINT16,S2MSI1C,JPEG2000,LEVEL-1C,S2B_OPER_MSI_L1C_DS_2BPS_20220813T045215_S20220813T023817_N04.00,WGS84,UTM,50N,32650,10  20  60,METER,21.5262572211019,106.4278325234830,10000,Y,22°05'32.59"N,119°28'12.45"E,22°35'42.91"N,118°56'42.59"E,22°34'43.59"N,120°00'44.42"E,21°35'17.37"N,119°59'28.98"E,21°36'13.82"N,118°55'53.82"E,22.0923866,119.4701258,22.5952529,118.9451638,22.5787754,120.0123391,21.5881579,119.991383,21.60384,118.9316174,L1C_T50QQK_A028386_20220813T023817,19213924
L1C_T50QQL_A028386_20220813T023817,2022-08-13T02:38:17.304Z,2022-08-13T02:50:29.681Z,T50QQL,8.51336,ESA,SENTINEL-2B,2BPS,L1C_T50QQL_A028386_20220813T023817,46,Descending Orbit,04.00,2022-08-13T04:52:15.000000Z,S2B_MSIL1C_20220813T022529_N0400_R046_T50QQL_20220813T045215,2BPS,INS-NOBS,GS2B_20220813T022529_028386_N04.00,UINT16,S2MSI1C,JPEG2000,LEVEL-1C,S2B_OPER_MSI_L1C_DS_2BPS_20220813T045215_S20220813T023817_N04.00,WGS84,UTM,50N,32650,10  20  60,METER,21.8373749498893,108.5449156919540,10000,Y,22°59'42.41"N,119°29'10.51"E,23°29'53.69"N,118°57'29.45"E,23°28'51.72"N,120°01'56.91"E,22°29'25.96"N,120°00'37.53"E,22°30'25.03"N,118°56'38.13"E,22.9951143,119.4862518,23.4982462,118.9581809,23.4810344,120.0324758,22.4905457,120.0104242,22.5069519,118.943926,L1C_T50QQL_A028386_20220813T023817,19214630
L1C_T50QQL_A028429_20220816T024847,2022-08-16T02:48:47.779Z,2022-08-16T03:00:24.079Z,T50QQL,2.92719,ESA,SENTINEL-2B,2BPS,L1C_T50QQL_A028429_20220816T024847,89,Descending Orbit,04.00,2022-08-16T05:02:23.000000Z,S2B_MSIL1C_20220816T023529_N0400_R089_T50QQL_20220816T050223,2BPS,INS-NOBS,GS2B_20220816T023529_028429_N04.00,UINT16,S2MSI1C,JPEG2000,LEVEL-1C,S2B_OPER_MSI_L1C_DS_2BPS_20220816T050223_S20220816T024847_N04.00,WGS84,UTM,50N,32650,10  20  60,METER,20.0160819201009,114.1863503579330,10000,Y,22°59'42.41"N,119°29'10.51"E,23°29'53.69"N,118°57'29.45"E,23°28'51.72"N,120°01'56.91"E,22°29'25.96"N,120°00'37.53"E,22°30'25.03"N,118°56'38.13"E,22.9951143,119.4862518,23.4982462,118.9581809,23.4810344,120.0324758,22.4905457,120.0104242,22.5069519,118.943926,L1C_T50QQL_A028429_20220816T024847,19260506
L1C_T50QPL_A028429_20220816T024847,2022-08-16T02:48:47.779Z,2022-08-16T03:00:24.079Z,T50QPL,6.52647,ESA,SENTINEL-2B,2BPS,L1C_T50QPL_A028429_20220816T024847,89,Descending Orbit,04.00,2022-08-16T05:02:23.000000Z,S2B_MSIL1C_20220816T023529_N0400_R089_T50QPL_20220816T050223,2BPS,INS-NOBS,GS2B_20220816T023529_028429_N04.00,UINT16,S2MSI1C,JPEG2000,LEVEL-1C,S2B_OPER_MSI_L1C_DS_2BPS_20220816T050223_S20220816T024847_N04.00,WGS84,UTM,50N,32650,10  20  60,METER,20.8346197036514,112.8881108612510,10000,Y,23°00'26.72"N,118°30'41.23"E,23°30'26.91"N,117°58'46.03"E,23°29'49.22"N,119°03'16.18"E,22°30'20.77"N,119°02'22.35"E,22°30'56.70"N,117°58'20.35"E,23.0074215,118.511452,23.5074763,117.9794527,23.4970055,119.0544957,22.5057693,119.0395409,22.51575,117.9723185,L1C_T50QPL_A028429_20220816T024847,19260991
L1C_T50QQK_A028529_20220823T023815,2022-08-23T02:38:15.306Z,2022-08-23T02:50:27.684Z,T50QQK,5.28021,ESA,SENTINEL-2B,2BPS,L1C_T50QQK_A028529_20220823T023815,46,Descending Orbit,04.00,2022-08-23T08:55:22.000000Z,S2B_MSIL1C_20220823T022529_N0400_R046_T50QQK_20220823T085522,2BPS,INS-NOBS,GS2B_20220823T022529_028529_N04.00,UINT16,S2MSI1C,JPEG2000,LEVEL-1C,S2B_OPER_MSI_L1C_DS_2BPS_20220823T085522_S20220823T023815_N04.00,WGS84,UTM,50N,32650,10  20  60,METER,22.5220827588091,114.7225740686420,10000,Y,22°05'32.59"N,119°28'12.45"E,22°35'42.91"N,118°56'42.59"E,22°34'43.59"N,120°00'44.42"E,21°35'17.37"N,119°59'28.98"E,21°36'13.82"N,118°55'53.82"E,22.0923866,119.4701258,22.5952529,118.9451638,22.5787754,120.0123391,21.5881579,119.991383,21.60384,118.9316174,L1C_T50QQK_A028529_20220823T023815,19362878
L1C_T50QQL_A028529_20220823T023815,2022-08-23T02:38:15.306Z,2022-08-23T02:50:27.684Z,T50QQL,3.36446,ESA,SENTINEL-2B,2BPS,L1C_T50QQL_A028529_20220823T023815,46,Descending Orbit,04.00,2022-08-23T08:55:22.000000Z,S2B_MSIL1C_20220823T022529_N0400_R046_T50QQL_20220823T085522,2BPS,INS-NOBS,GS2B_20220823T022529_028529_N04.00,UINT16,S2MSI1C,JPEG2000,LEVEL-1C,S2B_OPER_MSI_L1C_DS_2BPS_20220823T085522_S20220823T023815_N04.00,WGS84,UTM,50N,32650,10  20  60,METER,22.9507060952472,116.6040421266750,10000,Y,22°59'42.41"N,119°29'10.51"E,23°29'53.69"N,118°57'29.45"E,23°28'51.72"N,120°01'56.91"E,22°29'25.96"N,120°00'37.53"E,22°30'25.03"N,118°56'38.13"E,22.9951143,119.4862518,23.4982462,118.9581809,23.4810344,120.0324758,22.4905457,120.0104242,22.5069519,118.943926,L1C_T50QQL_A028529_20220823T023815,19363356
L1C_T50QPL_A028572_20220826T023943,2022-08-26T02:39:43.612Z,2022-08-26T02:52:32.067Z,T50QPL,28.08615,ESA,SENTINEL-2B,2BPS,L1C_T50QPL_A028572_20220826T023943,89,Descending Orbit,04.00,2022-08-26T18:20:44.000000Z,S2B_MSIL1C_20220826T023529_N0400_R089_T50QPL_20220826T182044,2BPS,INS-NOBS,GS2B_20220826T023529_028572_N04.00,UINT16,S2MSI1C,JPEG2000,LEVEL-1C,S2B_OPER_MSI_L1C_DS_2BPS_20220826T182044_S20220826T023943_N04.00,WGS84,UTM,50N,32650,10  20  60,METER,22.1583713609350,121.3629902839630,10000,Y,23°00'26.72"N,118°30'41.23"E,23°30'26.91"N,117°58'46.03"E,23°29'49.22"N,119°03'16.18"E,22°30'20.77"N,119°02'22.35"E,22°30'56.70"N,117°58'20.35"E,23.0074215,118.511452,23.5074763,117.9794527,23.4970055,119.0544957,22.5057693,119.0395409,22.51575,117.9723185,L1C_T50QPL_A028572_20220826T023943,19415328
L1C_T50QQK_A037509_20220828T023816,2022-08-28T02:38:16.483Z,2022-08-28T02:50:39.684Z,T50QQK,21.87461,ESA,SENTINEL-2A,ATOS,L1C_T50QQK_A037509_20220828T023816,46,Descending Orbit,04.00,2022-08-28T04:48:25.000000Z,S2A_MSIL1C_20220828T022541_N0400_R046_T50QQK_20220828T044825,ATOS,INS-NOBS,GS2A_20220828T022541_037509_N04.00,UINT16,S2MSI1C,JPEG2000,LEVEL-1C,S2A_OPER_MSI_L1C_DS_ATOS_20220828T044825_S20220828T023816_N04.00,WGS84,UTM,50N,32650,10  20  60,METER,23.1316733839594,119.0152347460940,10000,Y,22°05'32.59"N,119°28'12.45"E,22°35'42.91"N,118°56'42.59"E,22°34'43.59"N,120°00'44.42"E,21°35'17.37"N,119°59'28.98"E,21°36'13.82"N,118°55'53.82"E,22.0923866,119.4701258,22.5952529,118.9451638,22.5787754,120.0123391,21.5881579,119.991383,21.60384,118.9316174,L1C_T50QQK_A037509_20220828T023816,19438739
L1C_T50QQL_A037509_20220828T023816,2022-08-28T02:38:16.483Z,2022-08-28T02:50:39.684Z,T50QQL,21.77762,ESA,SENTINEL-2A,ATOS,L1C_T50QQL_A037509_20220828T023816,46,Descending Orbit,04.00,2022-08-28T04:48:25.000000Z,S2A_MSIL1C_20220828T022541_N0400_R046_T50QQL_20220828T044825,ATOS,INS-NOBS,GS2A_20220828T022541_037509_N04.00,UINT16,S2MSI1C,JPEG2000,LEVEL-1C,S2A_OPER_MSI_L1C_DS_ATOS_20220828T044825_S20220828T023816_N04.00,WGS84,UTM,50N,32650,10  20  60,METER,23.6177424257218,120.7607892334630,10000,Y,22°59'42.41"N,119°29'10.51"E,23°29'53.69"N,118°57'29.45"E,23°28'51.72"N,120°01'56.91"E,22°29'25.96"N,120°00'37.53"E,22°30'25.03"N,118°56'38.13"E,22.9951143,119.4862518,23.4982462,118.9581809,23.4810344,120.0324758,22.4905457,120.0104242,22.5069519,118.943926,L1C_T50QQL_A037509_20220828T023816,19439768
L1C_T50QQL_A037552_20220831T024846,2022-08-31T02:48:46.955Z,2022-08-31T03:00:34.078Z,T50QQL,5.83188,ESA,SENTINEL-2A,ATOS,L1C_T50QQL_A037552_20220831T024846,89,Descending Orbit,04.00,2022-08-31T04:57:01.000000Z,S2A_MSIL1C_20220831T023541_N0400_R089_T50QQL_20220831T045701,ATOS,INS-NOBS,GS2A_20220831T023541_037552_N04.00,UINT16,S2MSI1C,JPEG2000,LEVEL-1C,S2A_OPER_MSI_L1C_DS_ATOS_20220831T045701_S20220831T024846_N04.00,WGS84,UTM,50N,32650,10  20  60,METER,22.2251347935239,127.2575298642930,10000,Y,22°59'42.41"N,119°29'10.51"E,23°29'53.69"N,118°57'29.45"E,23°28'51.72"N,120°01'56.91"E,22°29'25.96"N,120°00'37.53"E,22°30'25.03"N,118°56'38.13"E,22.9951143,119.4862518,23.4982462,118.9581809,23.4810344,120.0324758,22.4905457,120.0104242,22.5069519,118.943926,L1C_T50QQL_A037552_20220831T024846,19487663
L1C_T50QPK_A037552_20220831T024846,2022-08-31T02:48:46.955Z,2022-08-31T03:00:34.078Z,T50QPK,6.13219,ESA,SENTINEL-2A,ATOS,L1C_T50QPK_A037552_20220831T024846,89,Descending Orbit,04.00,2022-08-31T04:57:01.000000Z,S2A_MSIL1C_20220831T023541_N0400_R089_T50QPK_20220831T045701,ATOS,INS-NOBS,GS2A_20220831T023541_037552_N04.00,UINT16,S2MSI1C,JPEG2000,LEVEL-1C,S2A_OPER_MSI_L1C_DS_ATOS_20220831T045701_S20220831T024846_N04.00,WGS84,UTM,50N,32650,10  20  60,METER,22.3920564678004,123.9450920785430,10000,Y,22°06'14.97"N,118°30'05.91"E,22°36'14.72"N,117°58'22.58"E,22°35'38.63"N,119°02'27.02"E,21°36'09.76"N,119°01'35.86"E,21°36'44.10"N,117°57'58.17"E,22.1041598,118.5016409,22.6040892,117.972938,22.5940651,119.0408395,21.6027096,119.0266278,21.6122496,117.9661585,L1C_T50QPK_A037552_20220831T024846,19487689
L1C_T50QQK_A037552_20220831T024846,2022-08-31T02:48:46.955Z,2022-08-31T03:00:34.078Z,T50QQK,3.45426,ESA,SENTINEL-2A,ATOS,L1C_T50QQK_A037552_20220831T024846,89,Descending Orbit,04.00,2022-08-31T04:57:01.000000Z,S2A_MSIL1C_20220831T023541_N0400_R089_T50QQK_20220831T045701,ATOS,INS-NOBS,GS2A_20220831T023541_037552_N04.00,UINT16,S2MSI1C,JPEG2000,LEVEL-1C,S2A_OPER_MSI_L1C_DS_ATOS_20220831T045701_S20220831T024846_N04.00,WGS84,UTM,50N,32650,10  20  60,METER,21.6560914107112,125.5317366219240,10000,Y,22°05'32.59"N,119°28'12.45"E,22°35'42.91"N,118°56'42.59"E,22°34'43.59"N,120°00'44.42"E,21°35'17.37"N,119°59'28.98"E,21°36'13.82"N,118°55'53.82"E,22.0923866,119.4701258,22.5952529,118.9451638,22.5787754,120.0123391,21.5881579,119.991383,21.60384,118.9316174,L1C_T50QQK_A037552_20220831T024846,19488205
